city,province,latitude,longitude,population,id
Toronto,Ontario,43.7417,-79.3733,5647656,1124279679
Montréal,Quebec,45.5089,-73.5617,3675219,1124586170
Vancouver,British Columbia,49.2500,-123.1000,2426160,1124825478
Calgary,Alberta,51.0500,-114.0667,1306784,1124690423
Edmonton,Alberta,53.5344,-113.4903,1151635,1124290735
Ottawa,Ontario,45.4247,-75.6950,1068821,1124399363
Winnipeg,Manitoba,49.8844,-97.1464,758515,1124224963
Quebec City,Quebec,46.8139,-71.2081,733156,1124823933
Hamilton,Ontario,43.2567,-79.8692,729560,1124567288
Mississauga,Ontario,43.6000,-79.6500,717961,1124112672
Brampton,Ontario,43.6833,-79.7667,656480,1124625989
Surrey,British Columbia,49.1900,-122.8489,568322,1124001454
Kitchener,Ontario,43.4186,-80.4728,522888,1124158530
Halifax,Nova Scotia,44.6475,-63.5906,439819,1124130981
Laval,Quebec,45.5833,-73.7500,438366,1124922301
London,Ontario,42.9836,-81.2497,423369,1124469960
Victoria,British Columbia,48.4283,-123.3647,363222,1124147219
Markham,Ontario,43.8767,-79.2633,338503,1124272698
Oshawa,Ontario,43.9000,-78.8500,335949,1124541904
Vaughan,Ontario,43.8333,-79.5000,323103,1124000141
Windsor,Ontario,42.2833,-83.0000,306519,1124261024
Gatineau,Quebec,45.4833,-75.6500,291041,1124722129
Saskatoon,Saskatchewan,52.1333,-106.6833,266141,1124612546
Longueuil,Quebec,45.5333,-73.5167,254483,1124122753
Burnaby,British Columbia,49.2667,-122.9667,249125,1124817304
St. Catharines,Ontario,43.1833,-79.2333,242460,1124140229
Regina,Saskatchewan,50.4547,-104.6067,226404,1124342541
Oakville,Ontario,43.4500,-79.6833,213759,1124080468
Richmond,British Columbia,49.1667,-123.1333,209937,1124121940
Richmond Hill,Ontario,43.8667,-79.4333,202022,1124364273
Burlington,Ontario,43.3167,-79.8000,186948,1124955083
St. John's,Newfoundland and Labrador,47.4817,-52.7971,185565,1124741456
Kelowna,British Columbia,49.8881,-119.4956,181380,1124080626
Sherbrooke,Quebec,45.4000,-71.9000,172950,1124559506
Sudbury,Ontario,46.4900,-81.0100,166004,1124539524
Barrie,Ontario,44.3711,-79.6769,154676,1124340223
Abbotsford,British Columbia,49.0500,-122.3167,153524,1124808029
Lévis,Quebec,46.8000,-71.1833,149683,1124958950
Coquitlam,British Columbia,49.2839,-122.7919,148625,1124000500
Saguenay,Quebec,48.4167,-71.0667,144723,1124001930
Guelph,Ontario,43.5500,-80.2500,144356,1124968815
Trois-Rivières,Quebec,46.3500,-72.5500,139163,1124407487
Whitby,Ontario,43.8833,-78.9417,138501,1124112077
Cambridge,Ontario,43.3972,-80.3114,138479,1124113576
Milton,Ontario,43.5083,-79.8833,132979,1124001426
Ajax,Ontario,43.8583,-79.0364,126666,1124382916
Waterloo,Ontario,43.4667,-80.5167,121436,1124321390
Terrebonne,Quebec,45.7000,-73.6333,119944,1124993674
Moncton,New Brunswick,46.1328,-64.7714,119785,1124521303
Saanich,British Columbia,48.4840,-123.3810,117735,1124000949
White Rock,British Columbia,49.0250,-122.8028,109167,1124260555
Thunder Bay,Ontario,48.3822,-89.2461,108843,1124398712
Delta,British Columbia,49.0847,-123.0586,108455,1124001200
Nanaimo,British Columbia,49.1642,-123.9364,106079,1124623893
Brantford,Ontario,43.1667,-80.2500,104688,1124737006
Chatham,Ontario,42.4229,-82.1324,103988,1124393373
Clarington,Ontario,43.9350,-78.6083,101427,1124000882
Saint-Jérôme,Quebec,45.7833,-74.0000,100859,1124268324
Red Deer,Alberta,52.2681,-113.8111,100844,1124404130
Pickering,Ontario,43.8354,-79.0890,99186,1124781814
Lethbridge,Alberta,49.6942,-112.8328,98406,1124321200
Kamloops,British Columbia,50.6761,-120.3408,97902,1124735582
Saint-Jean-sur-Richelieu,Quebec,45.3167,-73.2667,97873,1124278447
Niagara Falls,Ontario,43.0600,-79.1067,94415,1124704011
Cape Breton,Nova Scotia,46.1389,-60.1931,93694,1124000383
Chilliwack,British Columbia,49.1577,-121.9509,93203,1124531262
Brossard,Quebec,45.4667,-73.4500,91525,1124655166
Maple Ridge,British Columbia,49.2167,-122.6000,90990,1124001699
Newmarket,Ontario,44.0500,-79.4667,87942,1124400266
Repentigny,Quebec,45.7333,-73.4667,86100,1124379778
Peterborough,Ontario,44.3000,-78.3167,84793,1124440356
Drummondville,Quebec,45.8833,-72.4833,79258,1124624283
Kawartha Lakes,Ontario,44.3500,-78.7500,79247,1124000852
New Westminster,British Columbia,49.2069,-122.9111,78916,1124196524
Prince George,British Columbia,53.9169,-122.7494,76708,1124733292
Caledon,Ontario,43.8667,-79.8667,76581,1124070007
Châteauguay,Quebec,45.3800,-73.7500,75891,1124437897
Belleville,Ontario,44.1667,-77.3833,75052,1124786959
Airdrie,Alberta,51.2917,-114.0144,74100,1124990202
Sarnia,Ontario,42.9994,-82.3089,73944,1124509835
Wood Buffalo,Alberta,57.6042,-111.3284,72326,1124001123
Sault Ste. Marie,Ontario,46.5333,-84.3500,72051,1124810690
Saint John,New Brunswick,45.2806,-66.0761,69895,1124631364
Welland,Ontario,42.9833,-79.2333,69302,1124745616
Granby,Quebec,45.4000,-72.7333,69025,1124502071
St. Albert,Alberta,53.6303,-113.6258,68232,1124850754
Fredericton,New Brunswick,45.9636,-66.6431,64614,1124061289
Grande Prairie,Alberta,55.1708,-118.7947,64141,1124505481
Medicine Hat,Alberta,50.0417,-110.6775,63382,1124303972
Halton Hills,Ontario,43.6300,-79.9500,62951,1124000788
Aurora,Ontario,44.0000,-79.4667,62057,1124085034
Port Coquitlam,British Columbia,49.2625,-122.7811,61498,1124473757
Mirabel,Quebec,45.6500,-74.0833,61108,1124182375
Blainville,Quebec,45.6700,-73.8800,59819,1124000623
Lac-Brome,Quebec,45.2167,-72.5167,58889,1124000579
North Vancouver,British Columbia,49.3201967175102,-123.069940224484,58120,1124000146
Saint-Hyacinthe,Quebec,45.6167,-72.9500,57239,1124010116
Beloeil,Quebec,45.5667,-73.2000,52959,1124469084
North Bay,Ontario,46.3000,-79.4500,52662,1124058496
Charlottetown,Prince Edward Island,46.2403,-63.1347,52390,1124897699
Vernon,British Columbia,50.2670,-119.2720,51896,1124553338
Brandon,Manitoba,49.8483,-99.9500,51313,1124239939
Mascouche,Quebec,45.7500,-73.6000,51183,1124001580
Stouffville,Ontario,43.9667,-79.2500,49864,1124207594
Shawinigan,Quebec,46.5667,-72.7500,49620,1124441118
Joliette,Quebec,46.0167,-73.4500,49246,1124841554
Rimouski,Quebec,48.4500,-68.5300,48935,1124433645
Courtenay,British Columbia,49.6878,-124.9944,48917,1124324905
Dollard-des-Ormeaux,Quebec,45.4833,-73.8167,48403,1124902278
Cornwall,Ontario,45.0275,-74.7400,47845,1124938303
Victoriaville,Quebec,46.0500,-71.9667,47760,1124149787
Georgina,Ontario,44.3000,-79.4333,47642,1124000048
Woodstock,Ontario,43.1306,-80.7467,46705,1124758374
Langford Station,British Columbia,48.4506,-123.5058,46584,1124095065
Quinte West,Ontario,44.1833,-77.5667,46560,1124001037
St. Thomas,Ontario,42.7750,-81.1833,45732,1124790209
Saint-Eustache,Quebec,45.5700,-73.9000,45276,1124758162
West Vancouver,British Columbia,49.3667,-123.1667,44122,1124001824
New Tecumseth,Ontario,44.0833,-79.7500,43948,1124001571
Innisfil,Ontario,44.3000,-79.5833,43326,1124001408
Vaudreuil-Dorion,Quebec,45.4000,-74.0333,43268,1124618618
Bradford West Gwillimbury,Ontario,44.1333,-79.6333,42880,1124001093
Salaberry-de-Valleyfield,Quebec,45.2500,-74.1300,42787,1124638758
Rouyn-Noranda,Quebec,48.2333,-79.0167,42313,1124267752
Boucherville,Quebec,45.6000,-73.4500,41743,1124000296
Mission,British Columbia,49.1337,-122.3112,41519,1124502601
Timmins,Ontario,48.4667,-81.3333,41145,1124760634
Lakeshore,Ontario,42.2399,-82.6511,40410,1124001501
Brant,Ontario,43.1167,-80.3667,39474,1124000682
Spruce Grove,Alberta,53.5450,-113.9008,39348,1124943146
Campbell River,British Columbia,50.0244,-125.2475,38108,1124851971
Prince Albert,Saskatchewan,53.2000,-105.7500,37756,1124158154
Penticton,British Columbia,49.4911,-119.5886,36893,1124613898
Sorel-Tracy,Quebec,46.0333,-73.1167,36650,1124000182
East Kelowna,British Columbia,49.8625,-119.5833,36078,1124070905
Leamington,Ontario,42.0667,-82.5833,35730,1124258797
East Gwillimbury,Ontario,44.1333,-79.4167,34637,1124001370
Côte-Saint-Luc,Quebec,45.4687,-73.6673,34504,1124563603
Orangeville,Ontario,43.9167,-80.1167,34177,1124566061
Leduc,Alberta,53.2594,-113.5492,34094,1124170853
Moose Jaw,Saskatchewan,50.3933,-105.5519,33665,1124806868
Port Moody,British Columbia,49.2831,-122.8317,33535,1124252668
Pointe-Claire,Quebec,45.4500,-73.8167,33488,1124470650
Orillia,Ontario,44.6000,-79.4167,33411,1124049830
Stratford,Ontario,43.3708,-80.9819,33232,1124676255
Fort Erie,Ontario,42.9167,-79.0167,32901,1124516852
Val-d’Or,Quebec,48.1000,-77.7833,32752,1124239138
LaSalle,Ontario,42.2167,-83.0667,32721,1124000988
Cochrane,Alberta,51.1890,-114.4670,32199,1124952542
North Cowichan,British Columbia,48.8236,-123.7192,31990,1124000052
Lloydminster,Saskatchewan,53.2783,-110.0050,31582,1124051728
Chambly,Quebec,45.4311,-73.2873,31444,1124345124
Centre Wellington,Ontario,43.7000,-80.3667,31093,1124000849
Okotoks,Alberta,50.7250,-113.9750,30405,1124521470
Alma,Quebec,48.5500,-71.6500,30331,1124138438
Sainte-Julie,Quebec,45.5833,-73.3333,30045,1124000521
Saint-Constant,Quebec,45.3700,-73.5700,29954,1124000054
Langley,British Columbia,49.0986908053773,-122.659728692569,28963,1124000480
Grimsby,Ontario,43.2000,-79.5500,28883,1124989517
Magog,Quebec,45.2667,-72.1500,28312,1124404849
Boisbriand,Quebec,45.6200,-73.8300,28308,1124001940
Whitehorse,Yukon,60.7029,-135.0691,28201,1124348186
Dieppe,New Brunswick,46.0989,-64.7242,28114,1124195431
King,Ontario,44.0463,-79.6044,27333,1124001693
Parksville,British Columbia,49.3150,-124.3120,27330,1124698963
Conception Bay South,Newfoundland and Labrador,47.5167,-52.9833,27168,1124000563
Fort Saskatchewan,Alberta,53.7128,-113.2133,27088,1124769097
Woolwich,Ontario,43.5667,-80.4833,26999,1124000096
Sainte-Thérèse,Quebec,45.6333,-73.8500,26533,1124190411
Clarence-Rockland,Ontario,45.4833,-75.2000,26505,1124000639
La Prairie,Quebec,45.4200,-73.5000,26406,1124956496
Saint-Bruno-de-Montarville,Quebec,45.5333,-73.3500,26273,1124286783
Midland,Ontario,44.7500,-79.8833,26246,1124104490
Thetford Mines,Quebec,46.1000,-71.3000,26072,1124032181
Lincoln,Ontario,43.1300,-79.4300,25719,1124001767
Quispamsis,New Brunswick,45.4322,-65.9462,24881,1124000379
Wasaga Beach,Ontario,44.5206,-80.0167,24862,1124001919
Collingwood,Ontario,44.5000,-80.2167,24811,1124219884
Sept-Îles,Quebec,50.2167,-66.3833,24569,1124406431
Duncan,British Columbia,48.7787,-123.7079,24358,1124316061
Hudson,Quebec,45.4500,-74.1500,24245,1124590540
Saint-Lin--Laurentides,Quebec,45.8500,-73.7667,24030,1124906585
Strathroy-Caradoc,Ontario,42.9575,-81.6167,23871,1124000831
Squamish,British Columbia,49.7017,-123.1589,23819,1124005958
Thorold,Ontario,43.1167,-79.2000,23816,1124718251
Truro,Nova Scotia,45.3647,-63.2800,23583,1124952899
Amherstburg,Ontario,42.1000,-83.0833,23524,1124696938
L’Assomption,Quebec,45.8333,-73.4167,23442,1124500862
Tecumseh,Ontario,42.2431,-82.9256,23300,1124720869
Candiac,Quebec,45.3800,-73.5200,22997,1124457982
Essa,Ontario,44.2500,-79.7833,22970,1124001569
Paradise,Newfoundland and Labrador,47.5333,-52.8667,22957,1124001159
Saint-Lambert,Quebec,45.5000,-73.5167,22761,1124174363
Mount Pearl Park,Newfoundland and Labrador,47.5189,-52.8058,22477,1124869949
Saint-Lazare,Quebec,45.4000,-74.1333,22354,1124000613
Owen Sound,Ontario,44.5667,-80.9333,22318,1124623613
Brockville,Ontario,44.5833,-75.6833,22293,1124286131
Chestermere,Alberta,51.0500,-113.8225,22163,1124000371
Kingsville,Ontario,42.1000,-82.7167,22119,1124616034
Port Alberni,British Columbia,49.2339,-124.8050,21711,1124952808
Springwater,Ontario,44.4333,-79.7333,21701,1124001298
Scugog,Ontario,44.0900,-78.9360,21617,1124000741
Uxbridge,Ontario,44.1167,-79.1333,21556,1124829638
Fort St. John,British Columbia,56.2465,-120.8476,21465,1124517495
Wilmot,Ontario,43.4000,-80.6500,21429,1124001797
Essex,Ontario,42.0833,-82.9000,21216,1124628052
Varennes,Quebec,45.6833,-73.4333,21198,1124232101
Oro-Medonte,Ontario,44.5667,-79.5833,21036,1124001350
Mont-Royal,Quebec,45.5161,-73.6431,20953,1124001920
Beaumont,Alberta,53.3572,-113.4147,20888,1124001210
Baie-Comeau,Quebec,49.2167,-68.1500,20687,1124859576
Riverview,New Brunswick,46.0613,-64.8052,20584,1124000112
Cobourg,Ontario,43.9667,-78.1667,20519,1124831257
Cranbrook,British Columbia,49.5097,-115.7667,20499,1124937794
Yellowknife,Northwest Territories,62.4709,-114.4053,20340,1124208917
South Frontenac,Ontario,44.5081,-76.4939,20188,1124000063
Rivière-du-Loup,Quebec,47.8333,-69.5333,20118,1124662123
Port Colborne,Ontario,42.8833,-79.2500,20033,1124274319
Saint-Augustin-de-Desmaures,Quebec,46.7333,-71.4667,19907,1124000358
Huntsville,Ontario,45.3333,-79.2167,19816,1124961145
Sainte-Marthe-sur-le-Lac,Quebec,45.5300,-73.9300,19797,1124001153
Lloydminster,Alberta,53.2807,-110.0350,19739,1124000858
Westmount,Quebec,45.4833,-73.6000,19658,1124878078
Russell,Ontario,45.2569,-75.3583,19598,1124982538
Les Coteaux,Quebec,45.2800,-74.2300,19582,1124001989
Salmon Arm,British Columbia,50.7022,-119.2722,19432,1124478865
Kirkland,Quebec,45.4500,-73.8667,19413,1124000941
Corner Brook,Newfoundland and Labrador,48.9287,-57.9260,19333,1124244792
New Glasgow,Nova Scotia,45.5926,-62.6455,19316,1124760188
Dorval,Quebec,45.4500,-73.7500,19302,1124933556
Beaconsfield,Quebec,45.4333,-73.8667,19277,1124755118
Pitt Meadows,British Columbia,49.2333,-122.6833,19146,1124786902
Niagara-on-the-Lake,Ontario,43.2553,-79.0717,19088,1124366228
Colwood,British Columbia,48.4236,-123.4958,18961,1124000395
Middlesex Centre,Ontario,43.0500,-81.4500,18928,1124001841
Mont-Saint-Hilaire,Quebec,45.5622,-73.1917,18859,1124333461
Camrose,Alberta,53.0167,-112.8333,18772,1124351657
Selwyn,Ontario,44.4167,-78.3333,18653,1124000937
Tillsonburg,Ontario,42.8667,-80.7333,18615,1124817746
Pelham,Ontario,43.0333,-79.3333,18192,1124000042
Petawawa,Ontario,45.9000,-77.2833,18160,1124206291
Stony Plain,Alberta,53.5264,-114.0069,17993,1124982081
Oak Bay,British Columbia,48.4264,-123.3228,17990,1124761730
North Grenville,Ontario,44.9667,-75.6500,17964,1124000746
Loyalist,Ontario,44.2500,-76.7500,17943,1124001145
Deux-Montagnes,Quebec,45.5333,-73.8833,17915,1124980214
Steinbach,Manitoba,49.5258,-96.6839,17806,1124152692
Saint-Colomban,Quebec,45.7300,-74.1300,17740,1124001676
Miramichi,New Brunswick,47.0196,-65.5072,17692,1124714190
Esquimalt,British Columbia,48.4306,-123.4147,17533,1124990218
Central Saanich,British Columbia,48.5142,-123.3839,17385,1124000519
Sainte-Catherine,Quebec,45.4000,-73.5800,17347,1124941451
Port Hope,Ontario,43.9500,-78.3000,17294,1124105292
Inverness,Nova Scotia,46.2000,-61.1000,17235,1124840965
Saint-Basile-le-Grand,Quebec,45.5333,-73.2833,17053,1124000968
L’Ancienne-Lorette,Quebec,46.8000,-71.3500,16970,1124580674
Swift Current,Saskatchewan,50.2881,-107.7939,16750,1124460875
Pembroke,Ontario,45.8167,-77.1000,16571,1124877940
Edmundston,New Brunswick,47.3765,-68.3253,16437,1124274233
Yorkton,Saskatchewan,51.2139,-102.4628,16280,1124108820
Springfield,Manitoba,49.9292,-96.6939,16142,1124000696
Sylvan Lake,Alberta,52.3083,-114.0964,16142,1124397940
Bracebridge,Ontario,45.0333,-79.3000,16010,1124793645
Summerside,Prince Edward Island,46.4000,-63.7833,16001,1124487102
Canmore,Alberta,51.0890,-115.3590,15990,1124688642
Bathurst,New Brunswick,47.6200,-65.6500,15985,1124816720
Greater Napanee,Ontario,44.2500,-76.9500,15892,1124001319
Lake Country,British Columbia,50.0833,-119.4142,15817,1124001544
Hanover,Manitoba,49.4433,-96.8492,15733,1124001704
Winkler,Manitoba,49.1817,-97.9397,15335,1124205424
Saint-Charles-Borromée,Quebec,46.0500,-73.4667,15285,1124000877
Cowansville,Quebec,45.2000,-72.7500,15234,1124357421
Sainte-Anne-des-Plaines,Quebec,45.7617,-73.8204,15221,1124304532
Gaspé,Quebec,48.8333,-64.4833,15163,1124212754
Sooke,British Columbia,48.3761,-123.7378,15086,1124034713
Kenora,Ontario,49.7667,-94.4833,14967,1124844807
Cold Lake,Alberta,54.4642,-110.1825,14961,1124089461
Brooks,Alberta,50.5642,-111.8989,14924,1124093123
Kentville,Nova Scotia,45.0775,-64.4958,14905,1124530137
Comox,British Columbia,49.6733,-124.9022,14806,1124788300
Pincourt,Quebec,45.3833,-73.9833,14751,1124637966
Mississippi Mills,Ontario,45.2167,-76.2000,14740,1124001617
St. Clair,Ontario,42.7833,-82.3500,14659,1124000228
Terrace,British Columbia,54.5164,-128.5997,14633,1124878479
Mercier,Quebec,45.3200,-73.7500,14626,1124186621
West Lincoln,Ontario,43.0667,-79.5667,14500,1124001460
Lavaltrie,Quebec,45.8833,-73.2833,14425,1124818327
West Nipissing / Nipissing Ouest,Ontario,46.3667,-79.9167,14364,1124000026
Strathmore,Alberta,51.0378,-113.4003,14339,1124000881
High River,Alberta,50.5808,-113.8744,14324,1124607825
Clearview,Ontario,44.3981,-80.0742,14151,1124000053
Lachute,Quebec,45.6500,-74.3333,14100,1124217062
Rosemère,Quebec,45.6369,-73.8000,14090,1124741055
Matane,Quebec,48.8500,-67.5333,13987,1124528318
Thames Centre,Ontario,43.0300,-81.0800,13980,1124000993
Powell River,British Columbia,49.8353,-124.5247,13943,1124154376
Carleton Place,Ontario,45.1333,-76.1333,13940,1124676010
Guelph/Eramosa,Ontario,43.6300,-80.2200,13904,1124001707
Grand Falls,Newfoundland and Labrador,48.9578,-55.6633,13853,1124068277
North Battleford,Saskatchewan,52.7575,-108.2861,13836,1124789635
Mont-Laurier,Quebec,46.5500,-75.5000,13779,1124355399
Central Elgin,Ontario,42.7667,-81.1000,13746,1124000475
Mistassini,Quebec,48.8229,-72.2154,13718,1124980171
Saugeen Shores,Ontario,44.4333,-81.3667,13715,1124000488
Ingersoll,Ontario,43.0392,-80.8836,13693,1124716784
Beauharnois,Quebec,45.3200,-73.8700,13638,1124880971
South Stormont,Ontario,45.0833,-74.9667,13570,1124001793
Bécancour,Quebec,46.3333,-72.4333,13561,1124242297
Severn,Ontario,44.7500,-79.5167,13477,1124489890
Lacombe,Alberta,52.4683,-113.7369,13396,1124057569
Sainte-Sophie,Quebec,45.8200,-73.9000,13375,1124001574
Val-des-Monts,Quebec,45.6500,-75.6667,13328,1124001051
Saint-Amable,Quebec,45.6500,-73.3000,13322,1124000904
Portage La Prairie,Manitoba,49.9728,-98.2919,13270,1124282782
South Glengarry,Ontario,45.2000,-74.5833,13150,1124001506
Sainte-Marie,Quebec,46.4500,-71.0333,13134,1124650507
North Perth,Ontario,43.7300,-80.9500,13130,1124000749
Thompson,Manitoba,55.7433,-97.8553,13035,1124110693
Trent Hills,Ontario,44.3142,-77.8514,12900,1124001755
Trail,British Columbia,49.0950,-117.7100,12863,1124817036
The Nation / La Nation,Ontario,45.3500,-75.0333,12808,1124001243
Amos,Quebec,48.5667,-78.1167,12675,1124939649
Wetaskiwin,Alberta,52.9694,-113.3769,12594,1124492484
West Grey,Ontario,44.1833,-80.8167,12518,1124000272
Warman,Saskatchewan,52.3219,-106.5842,12419,1124688931
Dawson Creek,British Columbia,55.7606,-120.2356,12323,1124081402
Sidney,British Columbia,48.6506,-123.3986,12318,1124421362
Gravenhurst,Ontario,44.9167,-79.3667,12311,1124842372
Prince Rupert,British Columbia,54.3122,-130.3271,12300,1124847707
Perth East,Ontario,43.4700,-80.9500,12261,1124001760
North Saanich,British Columbia,48.6142,-123.4200,12235,1124000779
Prévost,Quebec,45.8700,-74.0800,12171,1124001584
Sainte-Adèle,Quebec,45.9500,-74.1300,12137,1124439200
Sainte-Agathe-des-Monts,Quebec,46.0500,-74.2800,12136,1124041166
Quesnel,British Columbia,52.9784,-122.4927,12110,1124028015
Les Îles-de-la-Madeleine,Quebec,47.3833,-61.8667,12010,1124000721
Taché,Manitoba,49.7081,-96.6736,11916,1124000169
Wellington North,Ontario,43.9000,-80.5700,11914,1124001997
St. Andrews,Manitoba,50.2700,-96.9747,11913,1124001672
Williams Lake,British Columbia,52.1294,-122.1383,11906,1124821980
Gander,Newfoundland and Labrador,48.9569,-54.6089,11880,1124310517
Whistler,British Columbia,50.1208,-122.9544,11854,1124001562
Brighton,Ontario,44.1222,-77.7642,11844,1124672085
Tiny,Ontario,44.6833,-79.9500,11787,1124000103
Hawkesbury,Ontario,45.6000,-74.6000,11755,1124065659
Carignan,Quebec,45.4500,-73.3000,11740,1124001655
Brock,Ontario,44.3167,-79.0833,11642,1124001106
L’Île-Perrot,Quebec,45.3833,-73.9500,11638,1124063001
Summerland,British Columbia,49.6006,-119.6778,11615,1124400731
St. Clements,Manitoba,50.2689,-96.6742,11586,1124000566
View Royal,British Columbia,48.4517,-123.4339,11575,1124001985
Montmagny,Quebec,46.9833,-70.5500,11491,1124025705
Cantley,Quebec,45.5667,-75.7833,11449,1124000263
Erin,Ontario,43.7667,-80.0667,11439,1124418313
Notre-Dame-de-l'Île-Perrot,Quebec,45.3667,-73.9333,11427,1124001191
Kincardine,Ontario,44.1667,-81.6333,11389,1124781881
Elliot Lake,Ontario,46.3833,-82.6500,11372,1124793448
Bromont,Quebec,45.3167,-72.6500,11357,1124286457
Arnprior,Ontario,45.4333,-76.3500,11305,1124700031
North Dundas,Ontario,45.0833,-75.3500,11278,1124000474
Wellesley,Ontario,43.5500,-80.7167,11260,1124590159
Nelson,British Columbia,49.5000,-117.2833,11198,1124361295
Ladysmith,British Columbia,48.9975,-123.8203,11194,1124872385
Coldstream,British Columbia,50.2200,-119.2481,11171,1124000216
Georgian Bluffs,Ontario,44.6500,-81.0333,11100,1124001470
Weyburn,Saskatchewan,49.6611,-103.8525,11019,1124618383
La Tuque,Quebec,48.0652,-74.0528,11001,1124000430
Norwich,Ontario,42.9833,-80.6000,11001,1124219807
Meaford,Ontario,44.5800,-80.7300,10991,1124445257
Adjala-Tosorontio,Ontario,44.1333,-79.9333,10975,1124000498
Hamilton Township,Ontario,44.0540,-78.2164,10942,1124000994
Stratford,Prince Edward Island,46.2167,-63.0893,10927,1124001331
Estevan,Saskatchewan,49.1392,-102.9861,10851,1124416742
South Dundas,Ontario,44.9167,-75.2667,10833,1124001404
Lambton Shores,Ontario,43.1833,-81.9000,10631,1124001891
North Dumfries,Ontario,43.3200,-80.3800,10619,1124000802
Martensville,Saskatchewan,52.2897,-106.6667,10549,1124000654
Mapleton,Ontario,43.7358,-80.6681,10527,1124000835
Rawdon,Quebec,46.0500,-73.7167,10416,1124084263
Morinville,Alberta,53.8022,-113.6497,10385,1124322535
Blackfalds,Alberta,52.3833,-113.8000,10315,1124056144
Chester,Nova Scotia,44.6500,-64.3000,10310,1124772236
Queens,Nova Scotia,44.0333,-64.7167,10307,1124001652
Selkirk,Manitoba,50.1436,-96.8839,10278,1124499880
Saint-Félicien,Quebec,48.6500,-72.4500,10278,1124555496
Roberval,Quebec,48.5200,-72.2300,10227,1124395055
Rideau Lakes,Ontario,44.6667,-76.2167,10207,1124000369
Sechelt,British Columbia,49.4742,-123.7542,10200,1124845591
Bois-des-Filion,Quebec,45.6667,-73.7500,10159,1124978470
North Glengarry,Ontario,45.3333,-74.7333,10109,1124000836
South Huron,Ontario,43.3200,-81.5000,10096,1124000910
Marieville,Quebec,45.4333,-73.1667,10094,1124834229
Penetanguishene,Ontario,44.7667,-79.9333,10077,1124304117
Tay,Ontario,44.7167,-79.7667,10033,1124001057
Castlegar,British Columbia,49.3256,-117.6661,10029,1124379972
Cavan Monaghan,Ontario,44.2000,-78.4667,10016,1124001281
Morden,Manitoba,49.1919,-98.1006,9929,1124327817
Temiskaming Shores,Ontario,47.5167,-79.6833,9920,1124001880
Hinton,Alberta,53.4114,-117.5639,9882,1124131074
Saint-Sauveur,Quebec,45.9000,-74.1700,9881,1124720935
Grey Highlands,Ontario,44.3333,-80.5000,9804,1124000119
East St. Paul,Manitoba,49.9772,-97.0103,9725,1124000695
Stoneham-et-Tewkesbury,Quebec,47.1667,-71.4333,9682,1124000439
Alfred and Plantagenet,Ontario,45.5667,-74.9167,9680,1124001813
Mont-Tremblant,Quebec,46.1167,-74.6000,9646,1124041173
Saint-Zotique,Quebec,45.2500,-74.2500,9618,1124170824
Saint-Raymond,Quebec,46.9000,-71.8333,9615,1124162305
Gibsons,British Columbia,49.4028,-123.5036,9603,1124342069
Amherst,Nova Scotia,45.8167,-64.2167,9548,1124895094
Elizabethtown-Kitley,Ontario,44.7000,-75.8833,9545,1124001450
Smiths Falls,Ontario,44.9000,-76.0167,9517,1124233827
Lorraine,Quebec,45.6833,-73.7833,9502,1124001859
Ramara,Ontario,44.6333,-79.2167,9488,1124000641
Notre-Dame-des-Prairies,Quebec,46.0500,-73.4333,9471,1124001393
Leeds and the Thousand Islands,Ontario,44.4500,-76.0800,9465,1124000531
Brockton,Ontario,44.1667,-81.2167,9461,1124000713
Laurentian Valley,Ontario,45.7681,-77.2239,9450,1124000736
Mono,Ontario,44.0167,-80.0667,9421,1124001904
Sainte-Julienne,Quebec,45.9700,-73.7200,9331,1124086540
Qualicum Beach,British Columbia,49.3500,-124.4333,9303,1124822520
Malahide,Ontario,42.7928,-80.9361,9292,1124001777
Oromocto,New Brunswick,45.8488,-66.4788,9223,1124928183
Whitecourt,Alberta,54.1417,-115.6833,9195,1124641551
Olds,Alberta,51.7928,-114.1067,9184,1124330412
Huron East,Ontario,43.6300,-81.2800,9138,1124000724
Beckwith,Ontario,45.0833,-76.0667,9021,1124000163
Labrador City,Newfoundland and Labrador,52.9500,-66.9167,9011,1124000773
Shelburne,Ontario,44.0833,-80.2000,8989,1124470888
Stanley,Manitoba,49.1331,-98.0656,8981,1124001503
Taber,Alberta,49.7847,-112.1508,8978,1124113583
Donnacona,Quebec,46.6747,-71.7294,8952,1124002794
Corman Park No. 344,Saskatchewan,52.2291,-106.8002,8909,1124000077
L’Epiphanie,Quebec,45.8482664184978,-73.506054079174,8883,1124599436
West Perth,Ontario,43.4700,-81.2000,8865,1124001056
Campbellton,New Brunswick,48.0050,-66.6731,8833,1124336512
Bridgewater,Nova Scotia,44.3700,-64.5200,8790,1124736310
Coaldale,Alberta,49.7333,-112.6167,8771,1124989507
Pont-Rouge,Quebec,46.7500,-71.7000,8723,1124608325
Champlain,Ontario,45.5333,-74.6500,8706,1124000537
Coaticook,Quebec,45.1333,-71.8000,8698,1124454176
Minto,Ontario,43.9167,-80.8667,8671,1124000198
La Pêche,Quebec,45.6833,-75.9833,8636,1124001249
Shediac,New Brunswick,46.2167,-64.5333,8563,1124770042
Otterburn Park,Quebec,45.5333,-73.2167,8479,1124899409
Sainte-Brigitte-de-Laval,Quebec,47.0000,-71.2000,8468,1124647754
Sainte-Catherine-de-la-Jacques-Cartier,Quebec,46.8500,-71.6167,8442,1124001417
South Bruce Peninsula,Ontario,44.7333,-81.2000,8416,1124000114
Portugal Cove-St. Philip's,Newfoundland and Labrador,47.6272,-52.8506,8415,1124001559
Edson,Alberta,53.5817,-116.4344,8414,1124553562
Renfrew,Ontario,45.4717,-76.6831,8337,1124652971
Farnham,Quebec,45.2833,-72.9833,8330,1124553013
Delson,Quebec,45.3700,-73.5500,8328,1124405717
Plympton-Wyoming,Ontario,43.0167,-82.0833,8308,1124001273
Banff,Alberta,51.1781,-115.5719,8305,1124351648
Kapuskasing,Ontario,49.4167,-82.4333,8292,1124764245
La Malbaie,Quebec,47.6500,-70.1500,8271,1124466004
Boischatel,Quebec,46.9000,-71.1500,8231,1124332563
Beauport,Quebec,46.9667,-71.3000,8164,1124715267
Zorra,Ontario,43.1500,-80.9500,8138,1124000608
Kitimat,British Columbia,54.0000,-128.7000,8131,1124198272
Macdonald,Manitoba,49.6725,-97.4472,8120,1124000633
Happy Valley,Newfoundland and Labrador,53.3396,-60.4467,8109,1124879731
Saint-Hippolyte,Quebec,45.9300,-74.0200,8083,1124001758
Dauphin,Manitoba,51.1992,-100.0633,8034,1124144510
Church Point,Nova Scotia,44.3333,-66.1167,8018,1124316445
Old Chelsea,Quebec,45.5000,-75.7833,8000,1124835028
Drumheller,Alberta,51.4636,-112.7194,7982,1124745292
Kirkland Lake,Ontario,48.1500,-80.0333,7981,1124683504
Aylmer,Ontario,42.7667,-80.9833,7975,1124964102
Saint-Apollinaire,Quebec,46.6167,-71.5167,7968,1124951601
Puslinch,Ontario,43.4500,-80.1667,7944,1124129947
Argyle,Nova Scotia,43.8000,-65.8500,7899,1124503052
Torbay,Newfoundland and Labrador,47.6500,-52.7333,7852,1124406642
Yarmouth,Nova Scotia,43.8361,-66.1175,7848,1124983867
Innisfail,Alberta,52.0333,-113.9500,7847,1124612670
Nicolet,Quebec,46.2167,-72.6167,7828,1124746363
Rockwood,Manitoba,50.2856,-97.2869,7823,1124000435
Drummond/North Elmsley,Ontario,44.9667,-76.2000,7773,1124001787
Contrecoeur,Quebec,45.8500,-73.2333,7768,1124384220
Hanover,Ontario,44.1500,-81.0333,7761,1124868817
Dryden,Ontario,49.7833,-92.8333,7749,1124295097
Iqaluit,Nunavut,63.7598,-68.5107,7740,1124379539
Fort Frances,Ontario,48.6167,-93.4000,7739,1124939714
Goderich,Ontario,43.7333,-81.7000,7728,1124989247
La Sarre,Quebec,48.8000,-79.2000,7719,1124902252
Chandler,Quebec,48.3500,-64.6833,7703,1124111932
Stone Mills,Ontario,44.4500,-76.9167,7702,1124000075
South-West Oxford,Ontario,42.9500,-80.8000,7664,1124000210
Acton Vale,Quebec,45.6500,-72.5667,7664,1124864792
Douro-Dummer,Ontario,44.4500,-78.1000,7632,1124001679
Saint-Philippe,Quebec,45.3500,-73.4700,7597,1124461923
McNab/Braeside,Ontario,45.4500,-76.5000,7591,1124001458
Central Huron,Ontario,43.6300,-81.5700,7576,1124001983
Rigaud,Quebec,45.4833,-74.3000,7566,1124176101
Louiseville,Quebec,46.2500,-72.9500,7517,1124866425
Chibougamau,Quebec,49.9167,-74.3667,7504,1124650514
Coteau-du-Lac,Quebec,45.3000,-74.1800,7473,1124000308
Ritchot,Manitoba,49.6647,-97.1167,7469,1124001990
Kimberley,British Columbia,49.6697,-115.9775,7425,1124170837
Blandford-Blenheim,Ontario,43.2333,-80.6000,7399,1124001001
Bayham,Ontario,42.7333,-80.7833,7396,1124000461
Augusta,Ontario,44.7511,-75.6003,7353,1124000619
Stephenville,Newfoundland and Labrador,48.5500,-58.5667,7344,1124000201
The Pas,Manitoba,53.8250,-101.2533,7302,1124755168
St. Marys,Ontario,43.2583,-81.1333,7271,1124438866
Saint-Rémi,Quebec,45.2667,-73.6167,7265,1124638080
Drayton Valley,Alberta,53.2222,-114.9769,7235,1124814220
Ponoka,Alberta,52.6833,-113.5667,7229,1124308190
Southgate,Ontario,44.1000,-80.5833,7190,1124000656
Les Cèdres,Quebec,45.3000,-74.0500,7184,1124051098
Baie-Saint-Paul,Quebec,47.4500,-70.5000,7146,1124415452
Merritt,British Columbia,50.1128,-120.7897,7139,1124550302
Bluewater,Ontario,43.4500,-81.6000,7136,1124000066
East Zorra-Tavistock,Ontario,43.2333,-80.7833,7129,1124000189
Brownsburg,Quebec,45.6703,-74.4467,7122,1124023263
Asbestos,Quebec,45.7667,-71.9333,7096,1124583779
Otonabee-South Monaghan,Ontario,44.2333,-78.2333,7087,1124000517
Huron-Kinloss,Ontario,44.0500,-81.5333,7069,1124000614
Hampstead,Quebec,45.4833,-73.6333,7037,1124000763
Saint-Joseph-du-Lac,Quebec,45.5333,-74.0000,7031,1124001195
Plessisville,Quebec,46.2167,-71.7833,7028,1124223899
The Blue Mountains,Ontario,44.4833,-80.3833,7025,1124000370
Whitewater Region,Ontario,45.7167,-76.8333,7009,1124001363
Edwardsburgh/Cardinal,Ontario,44.8333,-75.5000,6959,1124001736
Sainte-Anne-des-Monts,Quebec,49.1333,-66.5000,6933,1124183859
Bay Roberts,Newfoundland and Labrador,47.5847,-53.2783,6897,1124372298
Wainfleet,Ontario,42.9250,-79.3750,6887,1124538125
North Stormont,Ontario,45.2167,-75.0000,6873,1124000261
Alnwick/Haldimand,Ontario,44.0833,-78.0333,6869,1124000698
Peace River,Alberta,56.2339,-117.2897,6842,1124941936
Saint-Lambert-de-Lauzon,Quebec,46.5865,-71.2271,6817,1124610423
Arran-Elderslie,Ontario,44.4000,-81.2000,6803,1124001766
Parry Sound,Ontario,45.3333,-80.0333,6788,1124245809
Val-Shefford,Quebec,45.3500,-72.5667,6711,1124787548
West St. Paul,Manitoba,50.0119,-97.1150,6682,1124001136
Slave Lake,Alberta,55.2853,-114.7706,6651,1124106662
Port-Cartier,Quebec,50.0333,-66.8667,6651,1124795368
Barrington,Nova Scotia,43.5646,-65.5639,6646,1124548310
Rocky Mountain House,Alberta,52.3753,-114.9217,6635,1124203206
Muskoka Falls,Ontario,45.1264,-79.5580,6588,1124955753
Cornwall,Prince Edward Island,46.2407,-63.2009,6574,1124001245
Saint-Paul,Quebec,45.9833,-73.4500,6566,1124001817
Devon,Alberta,53.3633,-113.7322,6545,1124268366
Perth,Ontario,44.9000,-76.2500,6486,1124732094
Wainwright,Alberta,52.8333,-110.8667,6461,1124385336
Shannon,Quebec,46.8833,-71.5167,6432,1124440867
Saint-Honoré,Quebec,48.5333,-71.0833,6376,1124504668
Beaubassin East / Beaubassin-est,New Brunswick,46.1726,-64.3122,6376,1124000427
Bonnyville,Alberta,54.2667,-110.7500,6359,1124166469
Cramahe,Ontario,44.0833,-77.8833,6355,1124000879
Beauceville,Quebec,46.2000,-70.7833,6354,1124575286
North Middlesex,Ontario,43.1500,-81.6333,6352,1124001914
Beaupré,Quebec,47.0500,-70.9000,6342,1124125524
Charlemagne,Quebec,45.7167,-73.4833,6302,1124185024
Kent,British Columbia,49.2833,-121.7500,6300,1124001999
Clarenville,Newfoundland and Labrador,48.1566,-53.9650,6291,1124924217
Mont-Joli,Quebec,48.5800,-68.1800,6281,1124642037
Pointe-Calumet,Quebec,45.5000,-73.9700,6281,1124629762
Dysart et al,Ontario,45.2042,-78.4047,6280,1124000824
Carbonear,Newfoundland and Labrador,47.7375,-53.2294,6235,1124121214
Hope,British Columbia,49.3858,-121.4419,6181,1124662863
Pontiac,Quebec,45.5833,-76.1333,6142,1124000248
L'Ange-Gardien,Quebec,45.5833,-75.4500,6102,1124001197
Hindon Hill,Ontario,44.9333,-78.7333,6088,1124076260
La Broquerie,Manitoba,49.3994,-96.5103,6076,1124000582
Tweed,Ontario,44.6000,-77.3333,6044,1124220211
Oliver Paipoonge,Ontario,48.3900,-89.5200,6035,1124000729
Saint-Félix-de-Valois,Quebec,46.1700,-73.4300,6029,1124578689
Melfort,Saskatchewan,52.8564,-104.6100,5992,1124817334
Stettler,Alberta,52.3236,-112.7192,5952,1124010388
Niverville,Manitoba,49.6056,-97.0417,5947,1124001529
McMasterville,Quebec,45.5500,-73.2333,5936,1124000115
Douglas,New Brunswick,46.2819,-66.9420,5935,1124000768
Saint-Calixte,Quebec,45.9500,-73.8500,5934,1124001462
Lac-Mégantic,Quebec,45.5833,-70.8833,5932,1124329615
Humboldt,Saskatchewan,52.2019,-105.1231,5869,1124147660
St. Paul,Alberta,53.9928,-111.2972,5827,1124528022
Saint-Henri,Quebec,46.7000,-71.0667,5813,1124057702
Peachland,British Columbia,49.7736,-119.7369,5789,1124440160
Verchères,Quebec,45.7833,-73.3500,5759,1124549666
Richelieu,Quebec,45.4500,-73.2500,5742,1124000387
Petrolia,Ontario,42.8833,-82.1417,5742,1124479624
Southwest Middlesex,Ontario,42.7500,-81.7000,5723,1124000520
Front of Yonge,Ontario,44.5333,-75.8667,5710,1124001901
Oliver,British Columbia,49.1844,-119.5500,5708,1124145879
Vegreville,Alberta,53.4928,-112.0522,5708,1124534321
Princeville,Quebec,46.1667,-71.8833,5693,1124715340
Saint-Césaire,Quebec,45.4167,-73.0000,5686,1124948389
Tay Valley,Ontario,44.8667,-76.3833,5665,1124000734
South Bruce,Ontario,44.0333,-81.2000,5639,1124001457
Antigonish,Nova Scotia,45.6167,-61.9833,5620,1124839247
Crowsnest Pass,Alberta,49.5955,-114.5136,5589,1124000595
Redcliff,Alberta,50.0792,-110.7783,5581,1124603057
Val-David,Quebec,46.0300,-74.2200,5558,1124707666
Fernie,British Columbia,49.5042,-115.0628,5519,1124927114
Windsor,Nova Scotia,44.9803,-64.1292,5514,1124800737
Notre-Dame-du-Mont-Carmel,Quebec,46.4833,-72.6500,5467,1124893320
Sainte-Martine,Quebec,45.2500,-73.8000,5461,1124000017
Creston,British Columbia,49.0900,-116.5100,5459,1124204302
Saint-Roch-de-l'Achigan,Quebec,45.8500,-73.6000,5453,1124000365
Sussex,New Brunswick,45.7167,-65.5167,5447,1124362993
Saint-Pie,Quebec,45.5000,-72.9000,5438,1124508787
Ashfield-Colborne-Wawanosh,Ontario,43.8667,-81.6000,5422,1124000025
Trent Lakes,Ontario,44.6667,-78.4333,5397,1124001268
Northern Rockies,British Columbia,59.0000,-123.7500,5393,1124001362
Gananoque,Ontario,44.3300,-76.1700,5383,1124349596
Windsor,Quebec,45.5667,-72.0000,5367,1124798166
Smithers,British Columbia,54.7819,-127.1681,5351,1124191574
Tracadie,New Brunswick,47.5143142815185,-64.918859562748,5349,1124362021
Meadow Lake,Saskatchewan,54.1242,-108.4358,5344,1124434578
Lanark Highlands,Ontario,45.0880,-76.5170,5338,1124000887
Sackville,New Brunswick,45.9000,-64.3667,5331,1124877244
Grand Falls,New Brunswick,47.0344,-67.7394,5326,1124904843
Armstrong,British Columbia,50.4483,-119.1961,5323,1124201947
Cochrane,Ontario,49.0667,-81.0167,5321,1124296729
La Ronge,Saskatchewan,55.1000,-105.3000,5317,1124763455
Marystown,Newfoundland and Labrador,47.1667,-55.1667,5316,1124408131
Sioux Lookout,Ontario,50.1000,-91.9167,5272,1124804545
Didsbury,Alberta,51.6658,-114.1311,5268,1124574154
Deer Lake,Newfoundland and Labrador,49.1744,-57.4269,5249,1124841556
Woodstock,New Brunswick,46.1522,-67.5983,5228,1124035280
Flin Flon,Saskatchewan,54.7667,-101.8778,5185,1124500458
Brokenhead,Manitoba,50.1428,-96.5319,5122,1124000321
Burton,New Brunswick,45.8009,-66.4066,5119,1124000544
Montréal-Ouest,Quebec,45.4536,-73.6472,5115,1124001742
Spallumcheen,British Columbia,50.4462,-119.2121,5106,1124001340
Westlock,Alberta,54.1522,-113.8511,5101,1124037311
Témiscouata-sur-le-Lac,Quebec,47.6800,-68.8800,5096,1124001776
Osoyoos,British Columbia,49.0325,-119.4661,5085,1124713973
Saint Marys,New Brunswick,46.1748,-66.4897,5084,1124000221
Hearst,Ontario,49.6869,-83.6544,5070,1124376843
Metchosin,British Columbia,48.3819,-123.5378,5067,1124625175
Wolfville,Nova Scotia,45.0833,-64.3667,5057,1124909280
Breslau,Ontario,43.4816,-80.4080,5053,1124001083
Stonewall,Manitoba,50.1344,-97.3261,5046,1124829875
Memramcook,New Brunswick,46.0000,-64.5500,5029,1124833147
Sainte-Anne-de-Bellevue,Quebec,45.4039,-73.9525,5027,1124418135
Stirling-Rawdon,Ontario,44.3667,-77.5917,5015,1124001948
Mont-Orford,Quebec,45.3661,-72.1838,5007,1124618048
Ste. Anne,Manitoba,49.6186,-96.5708,5003,1124000501
Espanola,Ontario,46.2500,-81.7667,4996,1124133485
West Elgin,Ontario,42.5833,-81.6667,4995,1124000948
Flin Flon (Part),Manitoba,54.7712,-101.8419,4982,1124000122
Grand Bay-Westfield,New Brunswick,45.3608,-66.2415,4967,1124001504
East Ferris,Ontario,46.2667,-79.3000,4946,1124000523
Neepawa,Manitoba,50.2289,-99.4656,4938,1124375380
North Huron,Ontario,43.8300,-81.4200,4932,1124001142
Saint-Germain-de-Grantham,Quebec,45.8333,-72.5667,4922,1124972184
Saint-Cyrille-de-Wendover,Quebec,45.9333,-72.4333,4920,1124582350
Chisasibi,Quebec,53.6645,-78.7938,4872,1124000072
Southwold,Ontario,42.7500,-81.3167,4851,1124001461
Chertsey,Quebec,46.1700,-73.9200,4836,1124001234
Shippagan,New Brunswick,47.8557,-64.6012,4800,1124001772
Lanoraie,Quebec,45.9667,-73.2167,4787,1124453107
Centre Hastings,Ontario,44.4167,-77.4417,4774,1124000705
Coverdale,New Brunswick,46.0003,-64.8859,4766,1124001531
Warwick,Quebec,45.9500,-71.9833,4766,1124510688
Hanwell,New Brunswick,45.8681,-66.7947,4743,1124001405
Napierville,Quebec,45.1833,-73.4000,4740,1124015883
Waterloo,Quebec,45.3500,-72.5167,4727,1124389471
Saint-Joseph-de-Beauce,Quebec,46.3000,-70.8833,4722,1124865207
White City,Saskatchewan,50.4353,-104.3572,4713,1124001289
Lucan Biddulph,Ontario,43.2000,-81.3833,4700,1124000469
Berthierville,Quebec,46.0833,-73.1833,4677,1124734495
Rivière-Rouge,Quebec,46.4167,-74.8667,4645,1124001720
Greenstone,Ontario,50.0000,-86.7333,4636,1124000068
Kindersley,Saskatchewan,51.4678,-109.1567,4597,1124343190
Saint-Denis-de-Brompton,Quebec,45.4500,-72.0833,4594,1124001970
Jasper,Alberta,52.9013,-118.1312,4590,1124533812
Barrhead,Alberta,54.1167,-114.4000,4579,1124181687
Melville,Saskatchewan,50.9306,-102.8078,4562,1124823140
Amqui,Quebec,48.4667,-67.4333,4560,1124681333
Saint-Mathias-sur-Richelieu,Quebec,45.4667,-73.2667,4544,1124000576
Tyendinaga,Ontario,44.3000,-77.2000,4538,1124000109
Iroquois Falls,Ontario,48.7667,-80.6667,4537,1124652927
Havelock-Belmont-Methuen,Ontario,44.5667,-77.9000,4530,1124001644
Cornwallis,Manitoba,49.7981,-99.8481,4520,1124000766
Saint-Boniface,Quebec,46.5000,-72.8167,4511,1124000235
Westbank,British Columbia,49.8423,-119.6743,4491,1124001101
Edenwold No. 158,Saskatchewan,50.5166,-104.3451,4466,1124001180
Cumberland,British Columbia,49.6206,-125.0261,4447,1124658693
Goulds,Newfoundland and Labrador,47.4517,-52.7647,4441,1124000955
Vanderhoof,British Columbia,54.0143,-124.0089,4439,1124100075
Château-Richer,Quebec,46.9667,-71.0167,4425,1124518769
Saint Stephen,New Brunswick,45.2000,-67.2833,4415,1124128038
Nipawin,Saskatchewan,53.3572,-104.0192,4401,1124567955
Battleford,Saskatchewan,52.7383,-108.3153,4400,1124885955
Hampton,New Brunswick,45.5251491193206,-65.8425461391407,4395,1124175945
Montréal-Est,Quebec,45.6300,-73.5200,4394,1124000990
Central Frontenac,Ontario,44.7167,-76.8000,4373,1124000254
Saint-Antonin,Quebec,47.7667,-69.4833,4338,1124990343
Saint-Jean-de-Matha,Quebec,46.2300,-73.5300,4335,1124833822
Headingley,Manitoba,49.8681,-97.3908,4331,1124000273
Seguin,Ontario,45.2882,-79.8116,4304,1124001464
Beresford,New Brunswick,47.6992725956168,-65.705074842192,4294,1124000299
La Pocatière,Quebec,47.3667,-70.0333,4266,1124845219
Bowen Island,British Columbia,49.3833,-123.3833,4256,1124000418
Caraquet,New Brunswick,47.7853,-64.9592,4248,1124593896
Altona,Manitoba,49.1044,-97.5625,4227,1124628560
Roxton Pond,Quebec,45.4833,-72.6667,4224,1124356503
Saint-Étienne-des-Grès,Quebec,46.4333,-72.7667,4217,1124635032
Grand Forks,British Columbia,49.0333,-118.4400,4166,1124547325
New Maryland,New Brunswick,45.8911,-66.6847,4153,1124001875
Port Hardy,British Columbia,50.7225,-127.4928,4132,1124937351
Saint-Donat,Quebec,46.3167,-74.2167,4130,1124430126
Madawaska Valley,Ontario,45.5000,-77.6667,4123,1124000653
Deep River,Ontario,46.1000,-77.4917,4109,1124309248
Asphodel-Norwood,Ontario,44.3531,-78.0183,4109,1124001973
Red Lake,Ontario,51.0333,-93.8333,4107,1124856215
Métabetchouan-Lac-à-la-Croix,Quebec,48.4333,-71.8667,4097,1124093309
Maniwaki,Quebec,46.3750,-75.9667,4094,1124137130
Vermilion,Alberta,53.3542,-110.8528,4084,1124995979
Hastings Highlands,Ontario,45.2333,-77.9333,4078,1124000285
Prescott,Ontario,44.7167,-75.5167,4078,1124461297
Carstairs,Alberta,51.5619,-114.0953,4077,1124621475
Danville,Quebec,45.7833,-72.0167,4070,1124290094
Channel-Port aux Basques,Newfoundland and Labrador,47.5694,-59.1361,4067,1124993496
Lac-Etchemin,Quebec,46.4000,-70.5000,4061,1124000895
Saint-Jacques,Quebec,45.9500,-73.5667,4021,1124472694
Swan River,Manitoba,52.1058,-101.2667,4014,1124210942
Stellarton,Nova Scotia,45.5567,-62.6600,4007,1124388660
Northern Bruce Peninsula,Ontario,45.0800,-81.3800,3999,1124000606
L’Islet-sur-Mer,Quebec,47.1000,-70.3500,3999,1124309185
Carleton-sur-Mer,Quebec,48.1000,-66.1333,3991,1124001943
Sparwood,British Columbia,49.7331,-114.8853,3990,1124001718
Casselman,Ontario,45.3000,-75.0833,3970,1124666499
Oka,Quebec,45.4700,-74.0800,3968,1124446142
Callander,Ontario,46.1781,-79.4125,3964,1124853285
Amaranth,Ontario,43.9833,-80.2333,3963,1124001154
Marmora and Lake,Ontario,44.6425,-77.7372,3953,1124000420
Raymond,Alberta,49.4658,-112.6508,3942,1124125903
Morin-Heights,Quebec,45.9000,-74.2500,3925,1124001231
Dundas,New Brunswick,46.3155,-64.6947,3914,1124001475
Simonds,New Brunswick,45.3145,-65.8030,3913,1124001671
Crabtree,Quebec,45.9667,-73.4667,3887,1124136084
Bancroft,Ontario,45.0500,-77.8500,3881,1124451822
Saint-Tite,Quebec,46.7333,-72.5667,3880,1124821328
Howick,Ontario,43.9000,-81.0700,3873,1124000394
Dutton/Dunwich,Ontario,42.6667,-81.5000,3866,1124000540
New Richmond,Quebec,48.1667,-65.8667,3810,1124960222
Perth South,Ontario,43.3000,-81.1500,3810,1124000996
Claresholm,Alberta,50.0194,-113.5783,3780,1124380878
Baie-d’Urfé,Quebec,45.4167,-73.9167,3764,1124534130
Montague,Ontario,44.9667,-75.9667,3761,1124001810
Saint-André-Avellin,Quebec,45.7167,-75.0667,3749,1124494033
Saint-Ambroise-de-Kildare,Quebec,46.0833,-73.5500,3747,1124306240
East Angus,Quebec,45.4833,-71.6667,3741,1124456321
Rossland,British Columbia,49.0786,-117.7992,3729,1124850810
Mackenzie,British Columbia,55.3381,-123.0944,3714,1124001437
Golden,British Columbia,51.3019,-116.9667,3708,1124428625
Saint-Adolphe-d'Howard,Quebec,45.9700,-74.3300,3702,1124001188
Warwick,Ontario,43.0000,-81.8917,3692,1124864287
Bonnechere Valley,Ontario,45.5333,-77.1000,3674,1124000398
Pincher Creek,Alberta,49.4861,-113.9500,3642,1124252125
Alnwick,New Brunswick,47.2656,-65.2292,3640,1124000627
Saint-Prosper,Quebec,46.2167,-70.4833,3605,1124232575
Crossfield,Alberta,51.4333,-114.0333,3599,1124737275
Ormstown,Quebec,45.1300,-74.0000,3595,1124670346
Cardston,Alberta,49.2025,-113.3019,3585,1124479644
De Salaberry,Manitoba,49.4403,-96.9844,3580,1124001664
Grande Cache,Alberta,53.8773,-119.1199,3571,1124001952
Saint-Agapit,Quebec,46.5667,-71.4333,3567,1124119699
Fruitvale,British Columbia,49.0986937703863,-117.563382142451,3557,1124854890
Saint-Ambroise,Quebec,48.5500,-71.3333,3546,1124001342
Westville,Nova Scotia,45.5500,-62.7000,3540,1124476279
Hay River,Northwest Territories,60.7531,-115.9004,3528,1124721803
Pasadena,Newfoundland and Labrador,49.0161,-57.6050,3524,1124001778
Mistissini,Quebec,50.5707,-73.6829,3523,1124001942
Studholm,New Brunswick,45.8133,-65.5747,3522,1124001373
Lorette,Manitoba,49.7414,-96.8761,3512,1124000429
Saint-Faustin--Lac-Carré,Quebec,46.0813,-74.4668,3499,1124677642
Morris-Turnberry,Ontario,43.8500,-81.2500,3496,1124001124
Placentia,Newfoundland and Labrador,47.2458,-53.9611,3496,1124471582
Saint-Pascal,Quebec,47.5333,-69.8000,3490,1124617986
Mulmur,Ontario,44.1917,-80.1083,3478,1124001711
Blind River,Ontario,46.1833,-82.9500,3472,1124244510
Dunham,Quebec,45.1333,-72.8000,3471,1124514371
High Level,Alberta,58.5169,-117.1361,3461,1124099423
Havre-Saint-Pierre,Quebec,50.2333,-63.6000,3460,1124890113
Saint-Anselme,Quebec,46.6333,-70.9667,3458,1124041118
Trois-Pistoles,Quebec,48.1200,-69.1800,3456,1124667916
Grande-Rivière,Quebec,48.4000,-64.5000,3456,1124608500
Malartic,Quebec,48.1333,-78.1333,3449,1124600555
Bonavista,Newfoundland and Labrador,48.6597,-53.1208,3448,1124990261
Prince Albert No. 461,Saskatchewan,53.1089,-105.6574,3438,1124001802
Saint-Maurice,Quebec,46.4667,-72.5333,3432,1124381241
Killarney - Turtle Mountain,Manitoba,49.1775,-99.6906,3429,1124001432
Woodlands,Manitoba,50.2408,-97.7358,3416,1124530756
Lewisporte,Newfoundland and Labrador,49.2300,-55.0700,3409,1124582594
Invermere,British Columbia,50.5083,-116.0303,3391,1124839399
Bifrost-Riverton,Manitoba,51.0603,-97.1436,3378,1124000047
Ascot Corner,Quebec,45.4500,-71.7667,3368,1124945733
Cartier,Manitoba,49.9161,-97.7000,3368,1124001073
Fossambault-sur-le-Lac,Quebec,46.8667,-71.6167,3367,1124001825
Sainte-Anne-des-Lacs,Quebec,45.8500,-74.1333,3363,1124001507
Saint-Sulpice,Quebec,45.8333,-73.3500,3360,1124000703
Penhold,Alberta,52.1333,-113.8667,3359,1124360682
Powassan,Ontario,46.0825,-79.3619,3346,1124971329
Highlands East,Ontario,44.9667,-78.2500,3343,1124001598
Saint-Alphonse-de-Granby,Quebec,45.3333,-72.8167,3341,1124000185
Sainte-Claire,Quebec,46.6000,-70.8667,3325,1124401109
Bright,New Brunswick,46.1205,-67.0545,3317,1124001649
Ellison,British Columbia,49.9646,-119.3178,3316,1124000194
Percé,Quebec,48.5333,-64.2167,3312,1124000234
Saint-Jean-Port-Joli,Quebec,47.2167,-70.2667,3304,1124255737
East Hawkesbury,Ontario,45.5167,-74.4667,3296,1124000222
Buckland No. 491,Saskatchewan,53.3276,-105.7804,3277,1124001476
Saint-André-d'Argenteuil,Quebec,45.5667,-74.3333,3275,1124000962
Saint-Côme--Linière,Quebec,46.0667,-70.5167,3274,1124151898
Marathon,Ontario,48.7500,-86.3667,3273,1124974800
Forestville,Quebec,48.7333,-69.0833,3270,1124215354
Compton,Quebec,45.2333,-71.8167,3270,1124144541
Shuniah,Ontario,48.5833,-88.8333,3247,1124000092
Inuvik,Northwest Territories,68.3407,-133.6096,3243,1124116419
Richmond,Quebec,45.6667,-72.1500,3232,1124924022
Lake Cowichan,British Columbia,48.8258,-124.0542,3226,1124082843
Saint-Gabriel-de-Valcartier,Quebec,46.9333,-71.4667,3223,1124782327
Gibbons,Alberta,53.8278,-113.3228,3218,1124001097
Sables-Spanish Rivers,Ontario,46.2333,-82.0000,3214,1124000330
Hillsburg-Roblin-Shell River,Manitoba,51.3343,-101.2929,3214,1124001467
Port Hawkesbury,Nova Scotia,45.6153,-61.3642,3214,1124913307
Three Hills,Alberta,51.7072,-113.2647,3212,1124247045
Kingston,New Brunswick,45.4663,-66.0217,3202,1124000116
Paspebiac,Quebec,48.0333,-65.2500,3198,1124858850
Saint-Thomas,Quebec,46.0167,-73.3500,3193,1124176940
Saint-Jean-Baptiste,Quebec,45.5167,-73.1167,3191,1124000869
Portneuf,Quebec,46.7000,-71.8833,3187,1124993610
Pictou,Nova Scotia,45.6814,-62.7119,3186,1124595917
Tisdale,Saskatchewan,52.8500,-104.0500,3180,1124001086
Lake of Bays,Ontario,45.3043,-79.0180,3167,1124000232
Bishops Falls,Newfoundland and Labrador,49.0167,-55.5167,3156,1124735612
WestLake-Gladstone,Manitoba,50.2862,-98.8415,3154,1124001087
Normandin,Quebec,48.8333,-72.5333,3137,1124410764
Mitchell,Manitoba,49.5363,-96.7634,3136,1124001295
Saint-Alphonse-Rodriguez,Quebec,46.1833,-73.7000,3134,1124001435
Beauséjour,Manitoba,50.0622,-96.5161,3126,1124260967
Dalhousie,New Brunswick,48.1000,-66.6167,3126,1124540945
Val-Morin,Quebec,46.0000,-74.1800,3123,1124001446
Lac du Bonnet,Manitoba,50.2577,-96.1209,3121,1124000450
Clermont,Quebec,47.6833,-70.2333,3118,1124937298
Virden,Manitoba,49.8508,-100.9317,3114,1124620072
Saint-Christophe-d'Arthabaska,Quebec,46.0333,-71.8833,3111,1124000694
Mont-Saint-Grégoire,Quebec,45.3333,-73.1667,3086,1124094125
Thurso,Quebec,45.5969,-75.2433,3084,1124913486
Wellington,New Brunswick,46.4768,-64.7478,3079,1124001391
Cedar,British Columbia,49.0853,-123.8259,3078,1124000187
Saint-Gabriel,Quebec,46.3000,-73.3833,3068,1124920056
Merrickville,Ontario,44.8539,-75.8269,3067,1124846224
Saint-Liboire,Quebec,45.6500,-72.7667,3051,1124016354
Dégelis,Quebec,47.5500,-68.6500,3051,1124001549
Morris,Manitoba,49.3986,-97.4592,3047,1124001886
Saint-Alexis-des-Monts,Quebec,46.4667,-73.1333,3046,1124120192
Cap-Saint-Ignace,Quebec,47.0333,-70.4667,3045,1124138813
Fort Macleod,Alberta,49.7256,-113.3975,3038,1124975838
Enderby,British Columbia,50.5508,-119.1397,3028,1124312550
Carman,Manitoba,49.4992,-98.0008,3027,1124732787
Saint-Anaclet-de-Lessard,Quebec,48.4800,-68.4200,3019,1124764523
Stoke,Quebec,45.5333,-71.8000,3014,1124001196
Adelaide-Metcalfe,Ontario,42.9500,-81.7000,3011,1124000926
Melancthon,Ontario,44.1500,-80.2667,3008,1124736504
Cap Santé,Quebec,46.6667,-71.7833,2996,1124080648
Saint-David-de-Falardeau,Quebec,48.6167,-71.1167,2996,1124001854
Harbour Grace,Newfoundland and Labrador,47.6917,-53.2167,2995,1124871661
Houston,British Columbia,54.3975,-126.6419,2993,1124993327
Springdale,Newfoundland and Labrador,49.4974,-56.0727,2971,1124612197
Pemberton,British Columbia,50.3203,-122.8053,2970,1124476252
Athabasca,Alberta,54.7197,-113.2856,2965,1124006333
Saint-Ferréol-les-Neiges,Quebec,47.1167,-70.8500,2964,1124255920
Laurentian Hills,Ontario,46.1333,-77.5500,2961,1124000976
Grand Valley,Ontario,43.9500,-80.3667,2956,1124627074
Senneterre,Quebec,48.3833,-77.2333,2953,1124548422
Saint-Mathieu-de-Beloeil,Quebec,45.5667,-73.2000,2952,1124000340
Sainte-Marie-Madeleine,Quebec,45.6000,-73.1000,2935,1124000666
Admaston/Bromley,Ontario,45.5292,-76.8969,2935,1124001494
North Algona Wilberforce,Ontario,45.6167,-77.2000,2915,1124001620
Errington,British Columbia,49.2874,-124.3433,2907,1124001138
Wawa,Ontario,47.9931,-84.7736,2905,1124381797
Sainte-Mélanie,Quebec,46.1333,-73.5167,2892,1124173990
Horton,Ontario,45.5000,-76.6667,2887,1124001850
Saint-Paul-d'Abbotsford,Quebec,45.4333,-72.8833,2886,1124492372
Saint-Michel,Quebec,45.2333,-73.5667,2884,1124926265
Botwood,Newfoundland and Labrador,49.1500,-55.3667,2875,1124634384
Coalhurst,Alberta,49.7457,-112.9319,2869,1124001548
Saint-Marc-des-Carrières,Quebec,46.6833,-72.0500,2862,1124924445
Stanstead,Quebec,45.0167,-72.1000,2857,1124000851
Sainte-Anne-de-Beaupré,Quebec,47.0167,-70.9333,2854,1124323389
Sainte-Luce,Quebec,48.5500,-68.3800,2851,1124000034
Saint-Joseph-de-Sorel,Quebec,46.0446,-73.1308,2850,1124557970
Rankin Inlet,Nunavut,62.8300,-92.1321,2842,1124057160
Kingsclear,New Brunswick,45.8796,-66.8695,2839,1124744497
Princeton,British Columbia,49.4589,-120.5060,2828,1124790102
La Loche,Saskatchewan,56.4833,-109.4333,2827,1124048077
Ferme-Neuve,Quebec,46.7000,-75.4500,2822,1124159065
Yamachiche,Quebec,46.2667,-72.8333,2813,1124138672
Adstock,Quebec,46.0500,-71.0800,2806,1124001673
Cowichan Bay,British Columbia,48.7666,-123.6743,2799,1124254242
Vanscoy No. 345,Saskatchewan,52.0073,-107.0552,2799,1124001166
Enniskillen,Ontario,42.8167,-82.1250,2796,1124001379
Royston,British Columbia,49.6405,-124.9406,2791,1124000692
Bonaventure,Quebec,48.0500,-65.4833,2775,1124014798
Pohénégamook,Quebec,47.4667,-69.2167,2770,1124000688
Saint-Isidore,Quebec,45.3000,-73.6800,2769,1124775572
Wakefield,New Brunswick,46.2406,-67.6248,2767,1124000329
Arviat,Nunavut,61.0996,-94.1688,2766,1124309634
Sainte-Marguerite-du-Lac-Masson,Quebec,46.0560,-74.0723,2763,1124208615
Saint-Prime,Quebec,48.5800,-72.3300,2758,1124389119
Kuujjuaq,Quebec,58.1429,-68.3742,2754,1124705411
Atikokan,Ontario,48.7500,-91.6167,2753,1124868159
Grenville-sur-la-Rouge,Quebec,45.6500,-74.6333,2746,1124001524
North Cypress-Langford,Manitoba,49.9969,-99.3982,2745,1124001785
Saint-Dominique,Quebec,45.5667,-72.8500,2741,1124847475
Macamic,Quebec,48.7500,-79.0000,2734,1124965674
Sainte-Anne-de-Sorel,Quebec,46.0500,-73.0667,2731,1124001977
Sundre,Alberta,51.7972,-114.6406,2729,1124001279
Rougemont,Quebec,45.4333,-73.0500,2723,1124876872
Piedmont,Quebec,45.9000,-74.1300,2721,1124001265
Grimshaw,Alberta,56.1908,-117.6117,2718,1124339886
Lac-des-Écorces,Quebec,46.5500,-75.3500,2713,1124808962
Markstay,Ontario,46.4912,-80.4717,2708,1124061532
Northeastern Manitoulin and the Islands,Ontario,45.9667,-81.9333,2706,1124001541
Pelican Narrows,Saskatchewan,55.1883,-102.9342,2703,1124970223
McDougall,Ontario,45.4500,-80.0167,2702,1124000643
Black Diamond,Alberta,50.6881,-114.2333,2700,1124170822
Saint-Pamphile,Quebec,46.9667,-69.7833,2685,1124993070
Bedford,Quebec,45.1167,-72.9833,2684,1124195813
Weedon-Centre,Quebec,45.7000,-71.4667,2683,1124651516
Lacolle,Quebec,45.0833,-73.3667,2680,1124270266
Saint-Gabriel-de-Brandon,Quebec,46.2667,-73.3833,2679,1124001827
Huntingdon,Quebec,45.0800,-74.1700,2673,1124322836
French River / Rivière des Français,Ontario,46.1667,-80.5000,2662,1124000556
Spaniards Bay,Newfoundland and Labrador,47.6181,-53.3369,2653,1124334544
Cocagne,New Brunswick,46.3406,-64.6200,2649,1124000195
Pilot Butte,Saskatchewan,50.4667,-104.4167,2638,1124343267
Saint-Bruno,Quebec,48.4667,-71.6500,2636,1124000655
Laurier-Station,Quebec,46.5333,-71.6333,2634,1124029105
Saint-Anicet,Quebec,45.1200,-74.3500,2626,1124287636
Cap-Chat,Quebec,49.1000,-66.6833,2623,1124662875
Sexsmith,Alberta,55.3508,-118.7825,2620,1124024490
Notre-Dame-de-Lourdes,Quebec,46.1000,-73.4333,2595,1124935751
Ville-Marie,Quebec,47.3333,-79.4333,2595,1124001938
Wickham,Quebec,45.7500,-72.5000,2587,1124353605
Shippegan,New Brunswick,47.7439,-64.7178,2580,1124198415
East Garafraxa,Ontario,43.8500,-80.2500,2579,1124000753
Unity,Saskatchewan,52.4333,-109.1667,2573,1124230227
Rimbey,Alberta,52.6333,-114.2167,2567,1124861733
High Prairie,Alberta,55.4325,-116.4861,2564,1124163323
Turner Valley,Alberta,50.6739,-114.2786,2559,1124557397
Hanna,Alberta,51.6383,-111.9419,2559,1124751402
Neuville,Quebec,46.7000,-71.5833,2543,1124862301
Fort Smith,Northwest Territories,60.0260,-112.0821,2542,1124491408
Maria,Quebec,48.1667,-65.9833,2536,1124002967
Saint-Chrysostome,Quebec,45.1000,-73.7667,2522,1124333805
Greater Madawaska,Ontario,45.2722,-76.8589,2518,1124001487
Berwick,Nova Scotia,45.0475,-64.7360,2509,1124831957
Saint-Damase,Quebec,45.5333,-73.0000,2506,1124245814
Disraeli,Quebec,45.9000,-71.3500,2502,1124115327
Meadow Lake No. 588,Saskatchewan,54.1213,-108.2837,2501,1124001846
Elkford,British Columbia,50.0214,-114.9158,2499,1124000218
Georgian Bay,Ontario,44.9833,-79.8167,2499,1124001020
Saint-Alexandre,Quebec,45.2333,-73.1167,2495,1124016760
Hérbertville,Quebec,48.3473,-71.6784,2491,1124806332
Moosomin,Saskatchewan,50.1420,-101.6700,2485,1124103159
Highlands,British Columbia,48.5200,-123.5000,2482,1124001752
North Kawartha,Ontario,44.7500,-78.1000,2479,1124001184
Sainte-Thècle,Quebec,46.8167,-72.5000,2478,1124387301
Fermont,Quebec,52.7833,-67.0833,2474,1124001089
Esterhazy,Saskatchewan,50.6500,-102.0667,2472,1124095034
Holyrood,Newfoundland and Labrador,47.3833,-53.1333,2471,1124289617
La Présentation,Quebec,45.6667,-73.0500,2466,1124865042
Beaverlodge,Alberta,55.2094,-119.4292,2465,1124894073
Sainte-Catherine-de-Hatley,Quebec,45.2500,-72.0500,2464,1124000135
Saint-Basile,Quebec,46.7500,-71.8167,2463,1124369196
Saint-Raphaël,Quebec,46.8000,-70.7500,2463,1124630982
Saint-Martin,Quebec,45.9667,-70.6500,2462,1124001971
Causapscal,Quebec,48.3667,-67.2333,2458,1124289460
Brigham,Quebec,45.2500,-72.8500,2457,1124336821
Sainte-Victoire-de-Sorel,Quebec,45.9500,-73.0833,2457,1124001523
Perry,Ontario,45.5000,-79.2833,2454,1124001994
Port-Daniel--Gascons,Quebec,48.1833,-64.9667,2453,1124001024
Rosetown,Saskatchewan,51.5500,-107.9833,2451,1124742251
Minnedosa,Manitoba,50.2453,-99.8428,2449,1124860237
Labelle,Quebec,46.2833,-74.7333,2445,1124748931
Lincoln,New Brunswick,45.8716,-66.5437,2441,1124001266
Black River-Matheson,Ontario,48.5333,-80.4667,2438,1124000106
Saint-Michel-des-Saints,Quebec,46.6833,-73.9167,2436,1124969050
Dufferin,Manitoba,49.5319,-98.0700,2435,1124001018
Saint-Victor,Quebec,46.1500,-70.9000,2430,1124899336
Sicamous,British Columbia,50.8378,-118.9703,2429,1124519194
Cap Pele,New Brunswick,46.2172,-64.2822,2425,1124541608
Kelsey,Manitoba,53.7356,-101.3950,2424,1124001840
"Killaloe, Hagarty and Richards",Ontario,45.6000,-77.5000,2420,1124001779
Alvinston,Ontario,42.8489,-81.9049,2411,1124753895
Trenton,Nova Scotia,45.6193,-62.6332,2407,1124776153
Lunenburg,Nova Scotia,44.3833,-64.3167,2405,1124214420
Saint-Éphrem-de-Beauce,Quebec,46.0516,-70.9374,2400,1124956973
Chase,British Columbia,50.8189,-119.6844,2399,1124452830
Léry,Quebec,45.3500,-73.8000,2390,1124481204
Assiniboia,Saskatchewan,49.6167,-105.9833,2389,1124513932
Tumbler Ridge,British Columbia,55.1333,-121.0000,2389,1124001642
Salisbury,New Brunswick,46.0377884219739,-65.0479059884912,2387,1124001982
Témiscaming,Quebec,46.7167,-79.1000,2385,1124002169
Magrath,Alberta,49.4239,-112.8683,2374,1124735480
Sainte-Geneviève-de-Berthier,Quebec,46.0833,-73.2167,2365,1124001090
Logy Bay-Middle Cove-Outer Cove,Newfoundland and Labrador,47.6300,-52.6800,2364,1124001213
Buctouche,New Brunswick,46.4719,-64.7249,2361,1124405790
Grand Manan,New Brunswick,44.6900,-66.8200,2360,1124000229
Sainte-Madeleine,Quebec,45.6000,-73.1000,2356,1124000679
Anmore,British Columbia,49.3144,-122.8564,2356,1124001000
Sainte-Croix,Quebec,46.6200,-71.7300,2352,1124208011
Algonquin Highlands,Ontario,45.4000,-78.7500,2351,1124001381
Valcourt,Quebec,45.5000,-72.3167,2349,1124334549
Gimli,Manitoba,50.6330912150395,-96.9923294282923,2345,1124472413
Saint George,New Brunswick,45.2916,-66.8501,2341,1124000156
Saint-Mathieu,Quebec,45.3167,-73.5164,2339,1124978563
Paquetville,New Brunswick,47.6334,-65.1803,2329,1124000770
Clearwater,British Columbia,51.6500,-120.0333,2324,1124911350
Addington Highlands,Ontario,45.0000,-77.2500,2323,1124001921
Lillooet,British Columbia,50.6864,-121.9364,2321,1124632130
Burin,Newfoundland and Labrador,47.0500,-55.1800,2315,1124434509
Grand Bank,Newfoundland and Labrador,47.1000,-55.7833,2310,1124257527
Waterville,Quebec,45.2667,-71.9000,2307,1124639721
Minto,New Brunswick,46.1497,-66.1067,2305,1124754728
Rosthern No. 403,Saskatchewan,52.6206,-106.3967,2300,1124001178
Mansfield-et-Pontefract,Quebec,45.8611,-76.7392,2285,1124000865
Saint-Denis,Quebec,45.7833,-73.1500,2285,1124298615
Gore,Quebec,45.7700,-74.2500,2283,1124000246
Outlook,Saskatchewan,51.5000,-107.0500,2279,1124721522
Saint-Gédéon-de-Beauce,Quebec,45.8500,-70.6333,2277,1124765625
Saint-Léonard-d'Aston,Quebec,46.1000,-72.3667,2271,1124836222
Fort-Coulonge,Quebec,45.8500,-76.7333,2263,1124453309
Albanel,Quebec,48.8833,-72.4500,2262,1124386968
St. Anthony,Newfoundland and Labrador,51.3725,-55.5947,2258,1124808047
Pessamit,Quebec,49.0485,-68.6814,2256,1124000551
Logan Lake,British Columbia,50.4911,-120.8153,2255,1124000306
Maskinongé,Quebec,46.2333,-73.0167,2253,1124944084
Saint-Charles-de-Bellechasse,Quebec,46.7667,-70.9500,2246,1124845287
Fogo Island,Newfoundland and Labrador,49.6667,-54.1833,2244,1124001746
Neebing,Ontario,48.1833,-89.4667,2241,1124000953
Port McNeill,British Columbia,50.5903,-127.0847,2234,1124339378
Hatley,Quebec,45.2700,-71.9500,2230,1124001440
East Broughton,Quebec,46.2167,-71.0667,2229,1124076092
Saint-Polycarpe,Quebec,45.3000,-74.3000,2224,1124227112
Deschambault,Quebec,46.6436,-72.0236,2220,1124057933
Canora,Saskatchewan,51.6339,-102.4369,2219,1124454845
Upper Miramichi,New Brunswick,46.5254,-66.2085,2218,1124001963
Tofino,British Columbia,49.1275,-125.8852,2217,1124140302
Hardwicke,New Brunswick,47.0208,-65.0302,2201,1124081011
Wendake,Quebec,46.8693,-71.3628,2200,1124000757
Saint-Côme,Quebec,46.2700,-73.7800,2198,1124183187
Waskaganish,Quebec,51.3674,-78.7069,2196,1124626196
Twillingate,Newfoundland and Labrador,49.6444,-54.7436,2196,1124836835
Saint-Quentin,New Brunswick,47.5135,-67.3921,2194,1124243371
Lebel-sur-Quévillon,Quebec,49.0500,-76.9833,2187,1124000875
Calmar,Alberta,53.2500,-113.7833,2183,1124941943
Nanton,Alberta,50.3494,-113.7717,2181,1124418201
Pierreville,Quebec,46.0667,-72.8167,2176,1124888889
New-Wes-Valley,Newfoundland and Labrador,49.1500,-53.5833,2172,1124000397
Pennfield Ridge,New Brunswick,45.1924,-66.6858,2170,1124474914
Northesk,New Brunswick,47.2569,-66.2613,2169,1124000917
West Interlake,Manitoba,50.9837,-98.3572,2162,1124001724
Biggar,Saskatchewan,52.0590,-107.9790,2161,1124897904
Kent,New Brunswick,46.6221,-67.2953,2153,1124001214
Maple Creek,Saskatchewan,49.9167,-109.4667,2151,1124706244
Wabana,Newfoundland and Labrador,47.6500,-52.9333,2146,1124180362
Bonfield,Ontario,46.2167,-79.1333,2146,1124001075
Saint-Gilles,Quebec,46.5167,-71.3667,2138,1124239919
Saint-Bernard,Quebec,46.5000,-71.1333,2131,1124594239
Sainte-Cécile-de-Milton,Quebec,45.4833,-72.7500,2128,1124000630
Saint-Roch-de-Richelieu,Quebec,45.8833,-73.1667,2122,1124796601
Burns Lake,British Columbia,54.2292,-125.7625,2117,1124512812
Redwater,Alberta,53.9489,-113.1067,2115,1124001733
Saint-Nazaire,Quebec,48.5833,-71.5333,2114,1124583281
Westfield Beach,New Brunswick,45.3432,-66.2868,2114,1124204415
Saltair,British Columbia,48.9504,-123.7637,2114,1124001512
Saint-Elzéar,Quebec,46.4000,-71.0667,2107,1124069879
Hinchinbrooke,Quebec,45.0500,-74.1000,2103,1124000812
Dundurn No. 314,Saskatchewan,51.8261,-106.5416,2101,1124000094
Saint-François-Xavier-de-Brompton,Quebec,45.5333,-72.0500,2101,1124331796
Papineauville,Quebec,45.6167,-75.0167,2101,1124866604
Prairie View,Manitoba,50.3304,-100.9803,2088,1124001412
Saint-Ignace-de-Loyola,Quebec,46.0667,-73.1333,2086,1124837640
Central Manitoulin,Ontario,45.7167,-82.2000,2084,1124001582
Glovertown,Newfoundland and Labrador,48.6667,-54.0500,2083,1124282877
Tofield,Alberta,53.3703,-112.6667,2081,1124392098
Madoc,Ontario,44.5833,-77.5167,2078,1124600331
Sainte-Anne-de-Sabrevois,Quebec,45.2000,-73.2167,2074,1124001436
Sainte-Anne-de-la-Pérade,Quebec,46.5833,-72.2000,2072,1124630006
Saint-Damien-de-Buckland,Quebec,46.6333,-70.6667,2071,1124710733
Baker Lake,Nunavut,64.3287,-96.0308,2069,1124826935
Saint-Ferdinand,Quebec,46.1000,-71.5667,2067,1124190438
Pouch Cove,Newfoundland and Labrador,47.7670,-52.7670,2063,1124198879
Britannia No. 502,Saskatchewan,53.4236,-109.7772,2061,1124000458
Saint-Fulgence,Quebec,48.4500,-70.9000,2061,1124969917
Digby,Nova Scotia,44.6222,-65.7606,2060,1124797865
Manouane,Quebec,47.2091,-74.3833,2060,1124764304
Saint-Gervais,Quebec,46.7167,-70.8833,2058,1124488792
Saint-Alexandre-de-Kamouraska,Quebec,47.6817,-69.6250,2050,1124090811
Saint-Marc-sur-Richelieu,Quebec,45.6833,-73.2000,2050,1124009496
Mandeville,Quebec,46.3667,-73.3500,2043,1124912146
Caplan,Quebec,48.1000,-65.6833,2039,1124049436
Allardville,New Brunswick,47.4321,-65.4383,2032,1124442131
Saint-Damien,Quebec,46.3300,-73.4800,2020,1124745807
Lac-Nominingue,Quebec,46.4000,-75.0333,2019,1124245371
Obedjiwan,Quebec,48.6686,-74.9289,2019,1124832696
Rama,Saskatchewan,51.7578,-103.0008,2016,1124000936
Deloraine-Winchester,Manitoba,49.1775,-100.4322,2011,1124000085
Oakland-Wawanesa,Manitoba,49.6208,-99.8481,2011,1124000206
Brenda-Waskada,Manitoba,49.1775,-100.7019,2011,1124000292
Russell-Binscarth,Manitoba,50.7272,-101.3689,2011,1124000326
Ellice-Archie,Manitoba,50.3239,-101.2729,2011,1124000366
Souris-Glenwood,Manitoba,49.6208,-100.2581,2011,1124000381
Riverdale,Manitoba,49.9750,-100.2789,2011,1124000402
Pembina,Manitoba,49.1775,-98.5408,2011,1124000460
Wallace-Woodworth,Manitoba,49.9156,-100.9389,2011,1124000533
Lorne,Manitoba,49.4436,-98.7494,2011,1124000596
Yellowhead,Manitoba,50.4847,-100.4828,2011,1124000631
Swan Valley West,Manitoba,51.9978,-101.3944,2011,1124000683
Grey,Manitoba,49.7094,-98.0736,2011,1124000699
Gilbert Plains,Manitoba,51.1547,-100.4381,2011,1124524030
Norfolk-Treherne,Manitoba,49.6653,-98.5967,2011,1124000889
Emerson-Franklin,Manitoba,49.1333,-97.0331,2011,1124000940
Sifton,Manitoba,49.6653,-100.6678,2011,1124001004
Grassland,Manitoba,49.4306,-100.3103,2011,1124001149
Louise,Manitoba,49.1772,-98.8794,2011,1124001192
Ste. Rose,Manitoba,51.0222,-99.4306,2011,1124001220
Cartwright-Roblin,Manitoba,49.1331,-99.2797,2011,1124001248
Mossey River,Manitoba,51.7550,-99.9664,2011,1124001378
Lakeshore,Manitoba,51.2440,-99.6562,2011,1124001415
Riding Mountain West,Manitoba,50.8347,-101.0961,2011,1124001496
Clanwilliam-Erickson,Manitoba,50.5061,-99.8156,2011,1124001796
Glenboro-South Cypress,Manitoba,49.6650,-99.3708,2011,1124001832
North Norfolk,Manitoba,49.9308,-98.8356,2011,1124001856
Reinland,Manitoba,49.1331,-97.5942,2011,1124389945
Minitonas-Bowsman,Manitoba,52.1433,-100.9772,2011,1124001902
Kippens,Newfoundland and Labrador,48.5492,-58.6236,2008,1124001147
Saint-Gédéon,Quebec,48.5000,-71.7667,2001,1124458135
Lumby,British Columbia,50.2494,-118.9656,2000,1124173367
Kingsey Falls,Quebec,45.8500,-72.0667,2000,1124274388
Provost,Alberta,52.3539,-110.2686,1998,1124659213
Saint-Charles,New Brunswick,46.6692,-65.0184,1997,1124000730
Swift Current No. 137,Saskatchewan,50.2211,-107.8559,1995,1124000742
Mattawa,Ontario,46.3167,-78.7000,1993,1124041230
Blucher,Saskatchewan,52.0134,-106.2176,1984,1124237296
L'Ascension-de-Notre-Seigneur,Quebec,48.7000,-71.6833,1983,1124000873
Bow Island,Alberta,49.8667,-111.3667,1983,1124002843
Barraute,Quebec,48.4333,-77.6333,1980,1124495319
One Hundred Mile House,British Columbia,51.6413,-121.3127,1980,1124920746
Saint-Liguori,Quebec,46.0167,-73.5667,1976,1124672824
Saint Mary,New Brunswick,46.3987,-64.8681,1972,1124001508
Saint-Patrice-de-Sherrington,Quebec,45.1667,-73.5167,1971,1124878423
Fox Creek,Alberta,54.3950,-116.8092,1971,1124001709
Lumsden No. 189,Saskatchewan,50.6734,-104.7686,1968,1124001061
Dawn-Euphemia,Ontario,42.7000,-82.0167,1967,1124000898
Chapleau,Ontario,47.8333,-83.4000,1964,1124518288
Saint-Esprit,Quebec,45.9000,-73.6667,1963,1124001003
Montague,Prince Edward Island,46.1652,-62.6500,1961,1124079838
Mashteuiatsh,Quebec,48.5690,-72.2495,1957,1124000997
Saint-François-du-Lac,Quebec,46.0667,-72.8333,1957,1124010410
Petit Rocher,New Brunswick,47.7839,-65.7159,1954,1124808094
Eel River Crossing,New Brunswick,48.0125,-66.4208,1953,1124000490
Millet,Alberta,53.0978,-113.4728,1945,1124327149
Ucluelet,British Columbia,48.9358,-125.5433,1940,1124290800
Vallée-Jonction,Quebec,46.3667,-70.9167,1940,1124672986
Manitouwadge,Ontario,49.1333,-85.8333,1937,1124548320
Wellington,Ontario,43.9579,-77.3534,1932,1124209670
Frontenac Islands,Ontario,44.2000,-76.3833,1930,1124000098
Point Edward,Ontario,42.9931,-82.4083,1930,1124647566
Picture Butte,Alberta,49.8731,-112.7800,1930,1124001015
Manners Sutton,New Brunswick,45.6417,-67.0609,1920,1124811576
Fort Qu’Appelle,Saskatchewan,50.7667,-103.7833,1919,1124904751
Vulcan,Alberta,50.4000,-113.2500,1917,1124607765
Chetwynd,British Columbia,55.6972,-121.6333,1917,1124001005
Indian Head,Saskatchewan,50.5333,-103.6667,1910,1124084038
Wabush,Newfoundland and Labrador,52.9081,-66.8690,1906,1124012604
Saint-Fabien,Quebec,48.3000,-68.8700,1906,1124462554
Harrison Hot Springs,British Columbia,49.3000,-121.7819,1905,1124001888
Watrous,Saskatchewan,51.6841,-105.4661,1900,1124468381
North Frontenac,Ontario,44.9500,-76.9000,1898,1124000803
Lac-Supérieur,Quebec,46.2000,-74.4667,1892,1124000862
Les Escoumins,Quebec,48.3500,-69.4000,1891,1124123618
Richibucto,New Brunswick,46.6189,-64.8385,1887,1124000569
Terrasse-Vaudreuil,Quebec,45.4000,-73.9833,1887,1124001658
Rivière-Beaudette,Quebec,45.2333,-74.3333,1885,1124687157
Orkney No. 244,Saskatchewan,51.2557,-102.6469,1883,1124000139
Saint-Barthélemy,Quebec,46.1833,-73.1333,1883,1124598418
Komoka,Ontario,42.9580,-81.4001,1882,1124109518
Nisga'a,British Columbia,55.1078,-129.4293,1880,1124000744
Austin,Quebec,45.1833,-72.2833,1880,1124000885
Saint-Paul-de-l'Île-aux-Noix,Quebec,45.1333,-73.2833,1877,1124000680
Behchokò,Northwest Territories,62.8184,-115.9933,1874,1124001992
Saint-Cyprien-de-Napierville,Quebec,45.1833,-73.4167,1869,1124000843
Valleyview,Alberta,55.0686,-117.2683,1863,1124211786
Déléage,Quebec,46.3833,-75.9167,1856,1124001615
Potton,Quebec,45.0833,-72.3667,1849,1124000571
Sainte-Béatrix,Quebec,46.2000,-73.6167,1849,1124233714
Saint-Georges-de-Cacouna,Quebec,47.9167,-69.5000,1848,1124882699
Lakeview,British Columbia,49.9026,-119.5699,1847,1124001451
Sainte-Justine,Quebec,46.4000,-70.3500,1845,1124340970
Saint-Valérien-de-Milton,Quebec,45.5667,-72.7167,1840,1124253518
Saint-Cuthbert,Quebec,46.1500,-73.2333,1839,1124546028
Saint-Blaise-sur-Richelieu,Quebec,45.2167,-73.2833,1837,1124693015
Middleton,Nova Scotia,44.9418,-65.0686,1832,1124792393
Kamsack,Saskatchewan,51.5650,-101.8947,1825,1124566093
Carberry,Manitoba,49.8689,-99.3594,1823,1124314305
Saint-Joseph-de-Coleraine,Quebec,45.9700,-71.3700,1820,1124000088
Trinity Bay North,Newfoundland and Labrador,48.4978,-53.0860,1819,1124001498
Pointe-Lebel,Quebec,49.1667,-68.2000,1817,1124216164
Grenville,Quebec,45.6333,-74.6000,1816,1124831011
Saint-Michel-de-Bellechasse,Quebec,46.8667,-70.9167,1816,1124972269
Sainte-Angèle-de-Monnoir,Quebec,45.3833,-73.1000,1812,1124001386
Champlain,Quebec,46.4500,-72.3500,1807,1124942363
Sacré-Coeur-Saguenay,Quebec,48.2479,-69.8540,1803,1124365978
Saint-Louis,New Brunswick,46.7048,-65.1046,1802,1124001801
Saint-Lucien,Quebec,45.8667,-72.2667,1801,1124000172
Victoria,Newfoundland and Labrador,47.7675,-53.2411,1800,1124985055
Lumsden,Saskatchewan,50.6463,-104.8676,1800,1124301488
Saint-Robert,Quebec,45.9667,-73.0000,1794,1124000874
Armstrong,Manitoba,50.6400,-97.4950,1792,1124000801
Keremeos,British Columbia,49.2025,-119.8294,1791,1124920590
Regina Beach,Saskatchewan,50.7900,-104.9900,1790,1124000991
La Guadeloupe,Quebec,45.9500,-70.9300,1787,1124124557
Sutton,Quebec,45.1037248954726,-72.6180936643302,1787,1124001526
Saint Andrews,New Brunswick,45.0740,-67.0521,1786,1124559218
Saint-Placide,Quebec,45.5333,-74.2000,1784,1124722091
Grunthal,Manitoba,49.4065,-96.8603,1782,1124001008
Povungnituk,Quebec,60.0477,-77.2751,1779,1124176799
Pointe-des-Cascades,Quebec,45.3333,-73.9667,1775,1124001740
Deseronto,Ontario,44.2000,-77.0500,1774,1124824752
Lamont,Alberta,53.7603,-112.7778,1774,1124567192
Chambord,Quebec,48.4333,-72.0667,1773,1124404193
Maugerville,New Brunswick,46.1301,-66.2859,1772,1124001594
Dudswell,Quebec,45.5833,-71.5833,1771,1124209090
Nipissing,Ontario,46.0500,-79.5500,1769,1124001066
Shaunavon,Saskatchewan,49.6510,-108.4120,1769,1124484836
Wynyard,Saskatchewan,51.7667,-104.1833,1767,1124699826
Cambridge Bay,Nunavut,69.1528,-105.1707,1766,1124596377
Dalmeny,Saskatchewan,52.3411,-106.7733,1766,1124962648
Saint-Narcisse,Quebec,46.5667,-72.4667,1762,1124808791
Waswanipi,Quebec,49.7883,-75.9544,1759,1124000056
Inukjuak,Quebec,58.4824,-78.1309,1757,1124369757
Balgonie,Saskatchewan,50.4880,-104.2690,1756,1124001148
Piney,Manitoba,49.2069,-95.8333,1755,1124958787
Warfield,British Columbia,49.0953,-117.7344,1753,1124000473
Saint-Zacharie,Quebec,46.1333,-70.3667,1751,1124927704
Hemmingford,Quebec,45.0833,-73.5833,1747,1124000648
Saint-Pierre-de-l'Île-d'Orléans,Quebec,46.8833,-71.0667,1743,1124000266
Kensington,Prince Edward Island,46.4333,-63.6500,1743,1124918690
Shelburne,Nova Scotia,43.7633,-65.3236,1743,1124659892
Saint-Clet,Quebec,45.3500,-74.2200,1738,1124001293
Blumenort,Manitoba,49.6033,-96.7006,1738,1124001566
Brighton,New Brunswick,46.3316,-67.3585,1735,1124001133
Saint-Antoine,New Brunswick,46.3629,-64.7530,1733,1124873921
Northampton,New Brunswick,46.1313,-67.4713,1724,1124001603
Flat Rock,Newfoundland and Labrador,47.7086,-52.7144,1722,1124195076
Saint-Ours,Quebec,45.8833,-73.1500,1721,1124177651
Stephenville Crossing,Newfoundland and Labrador,48.5167,-58.4167,1719,1124113007
Sainte-Anne-de-la-Pocatière,Quebec,47.3500,-70.0000,1717,1124000130
Popkum,British Columbia,49.1911,-121.7553,1710,1124000726
Notre-Dame-du-Bon-Conseil,Quebec,46.0000,-72.3500,1708,1124217511
Fisher,Manitoba,51.0825,-97.6611,1708,1124001091
Sainte-Clotilde,Quebec,45.1500,-73.6833,1704,1124121082
Lantz,Nova Scotia,44.9894,-63.4736,1703,1124980158
Wicklow,New Brunswick,46.5017,-67.7067,1697,1124000344
Nouvelle,Quebec,48.1333,-66.3167,1689,1124064051
Wasagamack,Manitoba,53.9056,-94.9412,1689,1124000650
Rosthern,Saskatchewan,52.6500,-106.3333,1688,1124886826
Yamaska,Quebec,46.0236,-72.9391,1687,1124001651
Neguac,New Brunswick,47.2333,-65.0500,1684,1124936735
Saint-Antoine-de-Tilly,Quebec,46.6667,-71.5833,1682,1124590960
Igloolik,Nunavut,69.3817,-81.6811,1682,1124253277
Whitehead,Manitoba,49.7981,-100.2575,1679,1124001853
Saint-Élie-de-Caxton,Quebec,46.4833,-72.9667,1676,1124000951
Balmoral,New Brunswick,47.9667,-66.4500,1674,1124774000
Price,Quebec,48.6017,-68.1227,1673,1124592512
Rosedale,Manitoba,50.4397,-99.5389,1672,1124000230
Saint-Jacques-le-Mineur,Quebec,45.2833,-73.4167,1672,1124000320
Coombs,British Columbia,49.3008,-124.4049,1672,1124001663
Val-Joli,Quebec,45.6000,-71.9700,1671,1124000422
Southesk,New Brunswick,46.9901,-66.4336,1666,1124001519
Huron Shores,Ontario,46.2833,-83.2000,1664,1124000756
Saint-Antoine-sur-Richelieu,Quebec,45.7833,-73.1833,1659,1124151577
Saint-Pacôme,Quebec,47.4000,-69.9500,1658,1124275513
Saint-Stanislas-de-Kostka,Quebec,45.1800,-74.1300,1654,1124267249
Saint-Jacques,New Brunswick,47.5634,-68.3693,1652,1124840998
Frontenac,Quebec,45.5800,-70.8300,1650,1124001833
Stuartburn,Manitoba,49.1331,-96.5158,1648,1124000992
Sainte-Émélie-de-l'Énergie,Quebec,46.3167,-73.6500,1644,1124367776
Saint-Charles-sur-Richelieu,Quebec,45.6833,-73.1833,1643,1124477144
Nipigon,Ontario,49.0153,-88.2683,1642,1124361489
Witless Bay,Newfoundland and Labrador,47.2800,-52.8300,1640,1124037826
Sainte-Hélène-de-Bagot,Quebec,45.7333,-72.7333,1637,1124837882
Franklin Centre,Quebec,45.0467,-73.9005,1636,1124556676
Harbour Breton,Newfoundland and Labrador,47.4833,-55.8333,1634,1124833379
Mille-Isles,Quebec,45.8200,-74.2200,1629,1124001094
Naramata,British Columbia,49.5886,-119.5838,1628,1124000620
Lyster,Quebec,46.3667,-71.6167,1628,1124296106
Oakview,Manitoba,50.1964,-100.2167,1626,1124000384
Harrison Park,Manitoba,50.5563,-100.1674,1622,1124000697
Pond Inlet,Nunavut,72.6808,-77.7503,1617,1124788973
Sainte-Clotilde-de-Horton,Quebec,45.9833,-72.2333,1616,1124416351
Burford,Ontario,43.1036,-80.4240,1615,1124578509
Saint-Benoît-Labre,Quebec,46.0667,-70.8000,1612,1124381557
Terrace Bay,Ontario,48.8000,-87.1000,1611,1124634789
Maliotenam,Quebec,50.2114,-66.1911,1610,1124000333
Chapais,Quebec,49.7819,-74.8544,1610,1124629095
Saint-Honoré-de-Shenley,Quebec,45.9667,-70.8333,1610,1124007745
Cleveland,Quebec,45.6700,-72.0800,1609,1124001081
Messines,Quebec,46.2333,-76.0167,1608,1124295094
Saint-Laurent-de-l'Île-d'Orléans,Quebec,46.8667,-71.0167,1607,1124000659
Saint-Jean-de-Dieu,Quebec,48.0000,-69.0500,1606,1124739032
Massey Drive,Newfoundland and Labrador,48.9372,-57.9000,1606,1124000923
Nakusp,British Columbia,50.2434,-117.8002,1605,1124310238
Florenceville,New Brunswick,46.4435,-67.6152,1604,1124518996
Larouche,Quebec,48.4500,-71.5167,1601,1124000827
Fort St. James,British Columbia,54.4431,-124.2542,1598,1124865218
Saint-François-de-la-Rivière-du-Sud,Quebec,46.8833,-70.7167,1596,1124001406
Wabasca,Alberta,55.9855,-113.8566,1594,1124001857
Hilliers,British Columbia,49.3022,-124.4727,1590,1124744995
Perth,New Brunswick,46.7393,-67.6984,1590,1124468740
Eeyou Istchee Baie-James,Quebec,52.3382,-75.1977,1589,1124001722
Shellbrook No. 493,Saskatchewan,53.3545,-106.2553,1587,1124000896
Shawville,Quebec,45.6000,-76.4833,1587,1124868099
Lambton,Quebec,45.8300,-71.0800,1584,1124236153
Saint-Flavien,Quebec,46.5167,-71.6000,1578,1124326824
Boissevain,Manitoba,49.2298751870001,-100.059391205376,1577,1124368869
Sainte-Marcelline-de-Kildare,Quebec,46.1167,-73.6000,1567,1124028672
Rivière-Blanche,Quebec,48.7833,-67.7000,1567,1124696529
Bay Bulls,Newfoundland and Labrador,47.3158,-52.8103,1566,1124701391
Saint-Félix-de-Kingsey,Quebec,45.8000,-72.1833,1563,1124052771
Upper Island Cove,Newfoundland and Labrador,47.6472,-53.2233,1561,1124254175
Sainte-Élisabeth,Quebec,46.0833,-73.3500,1559,1124368135
Ashcroft,British Columbia,50.7256,-121.2806,1558,1124521001
Clarkes Beach,Newfoundland and Labrador,47.5447,-53.2824,1558,1124886112
Falmouth,Nova Scotia,44.9967,-64.1634,1553,1124001382
Uashat,Quebec,50.2330,-66.3947,1550,1124001483
Saint-Bernard-de-Lacolle,Quebec,45.0833,-73.4167,1549,1124000541
Saint-Joseph,New Brunswick,47.5580,-68.3082,1549,1124001284
Belledune,New Brunswick,47.9000,-65.8167,1548,1124444357
Saint-Guillaume,Quebec,45.8833,-72.7667,1547,1124732782
Venise-en-Québec,Quebec,45.0833,-73.1333,1547,1124001019
Gambo,Newfoundland and Labrador,48.7833,-54.2167,1543,1124499854
Nauwigewauk,New Brunswick,45.4812,-65.8738,1538,1124029649
Humbermouth,Newfoundland and Labrador,49.0156,-58.1678,1537,1124416255
Springbrook,Alberta,52.1796,-113.8850,1534,1124001537
Saint-Paulin,Quebec,46.4167,-73.0333,1534,1124571978
Glenelg,New Brunswick,46.9455,-65.2893,1532,1124001212
Saint David,New Brunswick,45.2918,-67.1983,1529,1124001550
Saint-Albert,Quebec,46.0000,-72.0833,1526,1124484773
Matagami,Quebec,49.7500,-77.6333,1526,1124686252
Grindrod,British Columbia,50.6300,-119.1314,1526,1124245869
Springfield,New Brunswick,45.7005,-65.8079,1525,1124760693
Amherst,Quebec,46.0500,-74.7667,1524,1124000118
Carlyle,Saskatchewan,49.6333,-102.2667,1519,1124830228
Notre-Dame-du-Laus,Quebec,46.0833,-75.6167,1518,1124131832
Langham,Saskatchewan,52.3667,-106.9667,1518,1124101937
St. George,New Brunswick,45.1333,-66.8167,1517,1124740743
Wembley,Alberta,55.1572,-119.1392,1516,1124957462
"Macdonald, Meredith and Aberdeen Additional",Ontario,46.4833,-84.0667,1513,1124001485
Pinawa,Manitoba,50.1707,-95.9547,1512,1124622420
Windermere,British Columbia,50.4856,-115.9948,1511,1124519589
Saint-Tite-des-Caps,Quebec,47.1333,-70.7667,1506,1124367873
Hudson Bay,Saskatchewan,52.8510,-102.3920,1504,1124151446
"Brudenell, Lyndoch and Raglan",Ontario,45.3167,-77.4000,1503,1124001367
Gold River,British Columbia,49.7769,-126.0514,1500,1124000663
Saint-Casimir,Quebec,46.6500,-72.1333,1500,1124445682
Dunsmuir,British Columbia,49.3696,-124.5772,1497,1124000426
Frenchman Butte,Saskatchewan,53.6052,-109.4298,1494,1124729147
Gordon,New Brunswick,46.8363,-67.1913,1493,1124001029
Saint-Malachie,Quebec,46.5333,-70.7667,1489,1124048620
Southampton,New Brunswick,46.0789,-67.3124,1484,1124711539
Salluit,Quebec,62.2013,-75.6337,1483,1124962070
Pangnirtung,Nunavut,66.1436,-65.6829,1481,1124731886
Saint-Louis-de-Gonzague,Quebec,45.2000,-73.9800,1481,1124000598
Moosonee,Ontario,51.2722,-80.6431,1481,1124592907
Englehart,Ontario,47.8167,-79.8667,1479,1124297839
Saint-Urbain,Quebec,47.5500,-70.5333,1474,1124108877
Tring-Jonction,Quebec,46.2667,-70.9833,1473,1124821925
Wilton No. 472,Saskatchewan,53.1240,-109.7885,1473,1124001208
Denmark,New Brunswick,47.1155,-67.4771,1471,1124001349
Saint-Joachim,Quebec,47.0500,-70.8500,1471,1124056373
Torch River No. 488,Saskatchewan,53.5445,-104.4619,1471,1124001716
Saint-Théodore-d'Acton,Quebec,45.6833,-72.5833,1471,1124207486
L’ Îsle-Verte,Quebec,48.0167,-69.3333,1469,1124320524
Palmarolle,Quebec,48.6667,-79.2000,1465,1124693739
Bon Accord,Alberta,53.8328,-113.4189,1461,1124764880
Sussex Corner,New Brunswick,45.7122,-65.4719,1461,1124001821
Saint-Odilon-de-Cranbourne,Quebec,46.3667,-70.6833,1459,1124001239
Pipestone,Manitoba,49.6653,-101.1444,1458,1124293936
La Doré,Quebec,48.7200,-72.6500,1453,1124387334
Lac-au-Saumon,Quebec,48.4167,-67.3500,1453,1124759496
Wotton,Quebec,45.7333,-71.8000,1453,1124174332
Prairie Lakes,Manitoba,49.4034,-99.6298,1453,1124001186
Elk Point,Alberta,53.8967,-110.8972,1452,1124622637
St. François Xavier,Manitoba,49.9903,-97.6722,1449,1124001915
Shellbrook,Saskatchewan,53.2167,-106.4000,1444,1124817725
Wemindji,Quebec,53.0440,-78.7384,1444,1124079157
Cape Dorset,Nunavut,64.2237,-76.5405,1441,1124646146
Strong,Ontario,45.7500,-79.4000,1439,1124000578
Nobleford,Alberta,49.8822,-113.0531,1438,1124281605
Lappe,Ontario,48.5693,-89.3573,1434,1124000934
Pointe-aux-Outardes,Quebec,49.0500,-68.4333,1434,1124001253
Rivière-Héva,Quebec,48.2333,-78.2167,1433,1124000406
Scott,Quebec,46.507872396847,-71.0665628160423,1433,1124001254
Godmanchester,Quebec,45.0800,-74.2500,1417,1124000511
Macklin,Saskatchewan,52.3300,-109.9400,1415,1124573046
Armour,Ontario,45.6289,-79.3436,1414,1124000589
Saint-Simon,Quebec,45.7190,-72.8463,1413,1124669265
Tingwick,Quebec,45.8873,-71.9244,1410,1124969542
Saint-Aubert,Quebec,47.1833,-70.2167,1409,1124439130
Saint-Mathieu-du-Parc,Quebec,46.5667,-72.9167,1407,1124001318
Saint-Ubalde,Quebec,46.7500,-72.2667,1403,1124614507
Creighton,Saskatchewan,54.7561,-101.8973,1402,1124000828
Faraday,Ontario,45.0000,-77.9167,1401,1124001991
Berthier-sur-Mer,Quebec,46.9167,-70.7333,1398,1124625020
Bayfield,Ontario,43.5615,-81.6983,1394,1124665510
Frampton,Quebec,46.4667,-70.8000,1393,1124063273
Barrière,British Columbia,51.1803,-120.1261,1391,1124124556
Chute-aux-Outardes,Quebec,49.1167,-68.4000,1391,1124968977
Lions Bay,British Columbia,49.4581,-123.2369,1390,1124001126
New Carlisle,Quebec,48.0167,-65.3333,1388,1124193848
Laird No. 404,Saskatchewan,52.5696,-106.7312,1387,1124001811
Saint-Majorique-de-Grantham,Quebec,45.9333,-72.5833,1384,1124000808
Petitcodiac,New Brunswick,45.9333,-65.1667,1383,1124122911
Canwood No. 494,Saskatchewan,53.4574,-106.7768,1381,1124001486
Wentworth-Nord,Quebec,45.8500,-74.4500,1381,1124001955
Bas Caraquet,New Brunswick,47.8000,-64.8333,1380,1124124817
Two Hills,Alberta,53.7150,-111.7461,1379,1124512958
Sainte-Ursule,Quebec,46.2833,-73.0333,1375,1124000577
Dawson,Yukon,64.0464,-139.3893,1375,1124075766
Nantes,Quebec,45.6333,-71.0333,1374,1124802333
Lac-aux-Sables,Quebec,46.8667,-72.4000,1373,1124691735
Stewiacke,Nova Scotia,45.1422,-63.3483,1373,1124573534
Vaudreuil-sur-le-Lac,Quebec,45.4000,-74.0333,1361,1124001806
Grahamdale,Manitoba,51.4200,-98.3733,1359,1124001918
Upham,New Brunswick,45.5083,-65.6618,1357,1124000748
St.-Charles,Ontario,46.3422,-80.4497,1357,1124428919
Cardwell,New Brunswick,45.7848,-65.3037,1353,1124001428
Amulet,Quebec,48.2938,-79.0274,1350,1124000786
L’Avenir,Quebec,45.7667,-72.3000,1350,1124154040
Hillsborough,New Brunswick,45.9205781884486,-64.650665366647,1348,1124000107
Spiritwood No. 496,Saskatchewan,53.4435,-107.4495,1347,1124001575
Pointe-à-la-Croix,Quebec,48.0167,-66.6833,1344,1124993506
Hérouxville,Quebec,46.6667,-72.6167,1340,1124001698
Weldford,New Brunswick,46.5221,-65.1114,1338,1124000165
Reynolds,Manitoba,49.7678,-95.8842,1338,1124938750
St. Laurent,Manitoba,50.4300,-97.7933,1338,1124303582
L'Isle-aux-Allumettes,Quebec,45.8667,-77.0667,1334,1124001726
Emo,Ontario,48.6333,-93.8333,1333,1124320866
Sainte-Brigide-d'Iberville,Quebec,45.3167,-73.0667,1331,1124015542
Les Éboulements,Quebec,47.4833,-70.3167,1331,1124253187
Smooth Rock Falls,Ontario,49.2833,-81.6333,1330,1124418972
Bruederheim,Alberta,53.8042,-112.9278,1329,1124027946
Oxbow,Saskatchewan,49.2333,-102.1667,1328,1124727899
Telkwa,British Columbia,54.6972,-127.0500,1327,1124000170
Landmark,Manitoba,49.6711,-96.8179,1326,1124000247
Norton,New Brunswick,45.6387,-65.6955,1325,1124362919
Gjoa Haven,Nunavut,68.6448,-95.8912,1324,1124942230
Sainte-Barbe,Quebec,45.1667,-74.2000,1324,1124147367
Mayerthorpe,Alberta,53.9503,-115.1336,1320,1124001053
Ootischenia,British Columbia,49.2916,-117.6323,1320,1124935527
Saint-Louis-du-Ha! Ha!,Quebec,47.6700,-68.9800,1318,1124487645
Taylor,British Columbia,56.1590,-120.6878,1317,1124063816
Powerview-Pine Falls,Manitoba,50.5661,-96.1981,1316,1124001400
Ragueneau,Quebec,49.0667,-68.5333,1314,1124000159
Baie Verte,Newfoundland and Labrador,49.9167,-56.1833,1313,1124727368
Chisholm,Ontario,46.1000,-79.2333,1312,1124000894
Saint-Édouard,Quebec,45.2333,-73.5167,1312,1124689962
Charlo,New Brunswick,48.0000,-66.3200,1310,1124001583
Sorrento,British Columbia,50.8832,-119.4782,1309,1124978509
Burgeo,Newfoundland and Labrador,47.6000,-57.6333,1307,1124034870
Wadena,Saskatchewan,51.9458,-103.8014,1306,1124604550
St-Pierre-Jolys,Manitoba,49.4403,-96.9844,1305,1124001013
Richmond,New Brunswick,46.0776,-67.7248,1303,1124000907
Youbou,British Columbia,48.8562,-124.1731,1302,1124809081
Swan Hills,Alberta,54.7106,-115.4133,1301,1124000651
Wilkie,Saskatchewan,52.4167,-108.7000,1301,1124926813
Saint-Léonard,New Brunswick,47.1625,-67.9250,1300,1124194436
Rivière-Bleue,Quebec,47.4333,-69.0500,1299,1124592122
Noyan,Quebec,45.0667,-73.3000,1297,1124781949
Notre-Dame-du-Portage,Quebec,47.7667,-69.6167,1296,1124956445
Ile-à-la-Crosse,Saskatchewan,55.4500,-107.8833,1296,1124359869
Saint-Hugues,Quebec,45.8000,-72.8667,1292,1124983381
Sainte-Anne-du-Sault,Quebec,46.1733,-72.1415,1290,1124001314
La Conception,Quebec,46.1500,-74.7000,1287,1124175484
Vauxhall,Alberta,50.0689,-112.0975,1286,1124148360
Lamèque,New Brunswick,47.7925,-64.6532,1285,1124209362
Arborg,Manitoba,50.9075,-97.2182,1279,1124353392
Estevan No. 5,Saskatchewan,49.1308,-103.0126,1279,1124000725
Thessalon,Ontario,46.2500,-83.5500,1279,1124087342
L'Isle-aux-Coudres,Quebec,47.4000,-70.3833,1279,1124001681
Lanigan,Saskatchewan,51.8500,-105.0333,1277,1124052623
Elton,Manitoba,49.9750,-99.8658,1276,1124000871
Bowden,Alberta,51.9306,-114.0256,1275,1124945470
South Qu'Appelle No. 157,Saskatchewan,50.5389,-104.0141,1275,1124001385
Conestogo,Ontario,43.5441,-80.4997,1272,1124566995
Rosser,Manitoba,49.9900,-97.4592,1270,1124001581
Sainte-Lucie-des-Laurentides,Quebec,46.1300,-74.1800,1269,1124001146
Saint-Alexis,Quebec,45.9333,-73.6167,1267,1124001453
Roxton Falls,Quebec,45.5667,-72.5167,1265,1124901453
Montcalm,Manitoba,49.1775,-97.3247,1260,1124000100
Irishtown-Summerside,Newfoundland and Labrador,48.9833,-57.9500,1260,1124000307
Clarendon,Quebec,45.6500,-76.5167,1256,1124000922
Mervin No. 499,Saskatchewan,53.5455,-108.8762,1256,1124001677
Saint-Ludger,Quebec,45.7500,-70.7000,1255,1124281144
Coldwell,Manitoba,50.6389,-98.0417,1254,1124001845
Musquash,New Brunswick,45.1836,-66.3514,1253,1124987756
Racine,Quebec,45.5000,-72.2500,1252,1124253350
Osler,Saskatchewan,52.3700,-106.5400,1251,1124000037
Saint-Zénon,Quebec,46.5500,-73.8167,1250,1124443019
Saint-Armand,Quebec,45.0333,-73.0500,1248,1124958164
Saint-Édouard-de-Lotbinière,Quebec,46.5667,-71.8333,1248,1124001130
Alonsa,Manitoba,50.9794,-99.0796,1247,1124385753
Saint-Arsène,Quebec,47.9167,-69.4333,1245,1124482227
Listuguj,Quebec,48.0609,-66.7491,1241,1124001828
St. Joseph,Ontario,46.2667,-84.0000,1240,1124001430
Queensbury,New Brunswick,45.9918,-67.0632,1237,1124001691
Saint-Hubert-de-Rivière-du-Loup,Quebec,47.8167,-69.1500,1235,1124000191
Saint-Jude,Quebec,45.7667,-72.9833,1235,1124510808
La Minerve,Quebec,46.2500,-74.9333,1234,1124869065
Trécesson,Quebec,48.6500,-78.3167,1232,1124000493
Legal,Alberta,53.9492,-113.5950,1232,1124819805
Moonbeam,Ontario,49.3500,-82.1500,1231,1124775223
Notre-Dame-des-Pins,Quebec,46.1833,-70.7167,1227,1124000253
Saint-Alban,Quebec,46.7167,-72.0833,1225,1124839435
Saint-Pierre-les-Becquets,Quebec,46.5000,-72.2000,1223,1124957722
Beaver River,Saskatchewan,54.3531,-109.5575,1216,1124717040
Labrecque,Quebec,48.6667,-71.5333,1215,1124000362
Claremont,Ontario,43.9741,-79.1316,1215,1124327632
New Bandon,New Brunswick,47.6912,-65.2900,1214,1124001513
Sainte-Hénédine,Quebec,46.5500,-70.9833,1212,1124771909
L'Anse-Saint-Jean,Quebec,48.2333,-70.2000,1208,1124155071
Moose Jaw No. 161,Saskatchewan,50.4433,-105.5091,1207,1124000515
Bassano,Alberta,50.7833,-112.4667,1206,1124776374
Parrsboro,Nova Scotia,45.3998,-64.3312,1205,1124877589
St. George's,Newfoundland and Labrador,48.4275,-58.4778,1203,1124178262
Fort Simpson,Northwest Territories,61.8082,-121.3199,1202,1124669512
Akwesasne,Quebec,45.0155,-74.5769,1202,1124000436
Ignace,Ontario,49.4167,-91.6667,1202,1124972211
Teulon,Manitoba,50.3858,-97.2611,1201,1124616630
Peel,New Brunswick,46.4058,-67.5278,1196,1124771409
Miltonvale Park,Prince Edward Island,46.3180,-63.2370,1196,1124001949
St. Lawrence,Newfoundland and Labrador,46.9244,-55.3928,1192,1124645666
Oxford,Nova Scotia,45.7306,-63.8733,1190,1124455847
Minto-Odanah,Manitoba,50.2406,-99.8056,1189,1124001517
Saint-Valère,Quebec,46.0667,-72.1000,1188,1124182292
St. Alban's,Newfoundland and Labrador,47.8753,-55.8414,1186,1124613667
Kaleden,British Columbia,49.3926,-119.5955,1186,1124001071
Saint James,New Brunswick,45.3822,-67.3427,1186,1124001675
Saint-Norbert-d'Arthabaska,Quebec,46.1000,-71.8167,1185,1124000467
Manning,Alberta,56.9142,-117.6272,1183,1124001357
Glenella-Lansdowne,Manitoba,50.4163,-99.2097,1181,1124001185
Saint-Hilarion,Quebec,47.5667,-70.4000,1181,1124375343
Saint-Modeste,Quebec,47.8333,-69.4000,1180,1124591131
Saint-Siméon,Quebec,48.0667,-65.5667,1179,1124797465
Saint-Barnabé,Quebec,46.4000,-72.8833,1179,1124760889
Irricana,Alberta,51.3189,-113.6106,1179,1124968867
Saint Martins,New Brunswick,45.4563,-65.4395,1177,1124001010
Two Borders,Manitoba,49.2668,-101.1124,1175,1124001678
Bury,Quebec,45.4667,-71.5000,1174,1124643055
Lac-Bouchette,Quebec,48.2500,-72.1800,1174,1124365485
Saint-Lazare-de-Bellechasse,Quebec,46.6500,-70.8000,1172,1124054719
Saint-Michel-du-Squatec,Quebec,47.8800,-68.7200,1171,1124190334
Saint-Joachim-de-Shefford,Quebec,45.4500,-72.5333,1171,1124777025
Grand-Remous,Quebec,46.6167,-75.9000,1168,1124917091
Saint-Gabriel-de-Rimouski,Quebec,48.4209,-68.1791,1167,1124766556
Armstrong,Ontario,47.7083,-79.8250,1166,1124000411
Rogersville,New Brunswick,46.7167,-65.4167,1166,1124369581
Langenburg,Saskatchewan,50.8333,-101.7000,1165,1124335442
Sainte-Marie-Salomé,Quebec,45.9333,-73.5000,1164,1124001034
Saint-Cyprien,Quebec,47.9000,-69.0167,1163,1124986836
Centreville,Nova Scotia,45.1300,-64.5224,1159,1124795742
Maidstone,Saskatchewan,53.0920,-109.2940,1156,1124537085
Très-Saint-Sacrement,Quebec,45.1833,-73.8500,1155,1124001118
Hillsburgh,Ontario,43.7914,-80.1354,1152,1124258378
McAdam,New Brunswick,45.5944,-67.3258,1151,1124054455
Newcastle,New Brunswick,47.1725,-65.5551,1149,1124367015
Saints-Anges,Quebec,46.4167,-70.8833,1149,1124749056
Saint-Urbain-Premier,Quebec,45.2200,-73.7300,1148,1124927145
Centreville-Wareham-Trinity,Newfoundland and Labrador,48.9879,-53.9069,1147,1124000332
Alberton,Prince Edward Island,46.8167,-64.0667,1145,1124792801
Winnipeg Beach,Manitoba,50.5058,-96.9742,1145,1124001121
Sainte-Agathe-de-Lotbinière,Quebec,46.3833,-71.4167,1145,1124003470
Salmo,British Columbia,49.1942,-117.2778,1141,1124411651
Kipling,Saskatchewan,50.1015,-102.6324,1140,1124000823
Sagamok,Ontario,46.1529,-82.2072,1140,1124001822
Grande-Vallée,Quebec,49.2167,-65.1333,1137,1124608975
Bertrand,New Brunswick,47.7622,-65.0686,1137,1124001809
Mont-Carmel,Quebec,47.4397,-69.8586,1136,1124064864
Victoria,Manitoba,49.6644,-98.9153,1132,1124000196
Saint-Eugène,Quebec,45.8000,-72.7000,1131,1124834014
Notre-Dame-des-Neiges,Quebec,48.1167,-69.1667,1129,1124000518
Saint-André,New Brunswick,47.1392,-67.7444,1129,1124000931
Roland,Manitoba,49.3547,-97.8997,1129,1124796797
Saint-Léon-de-Standon,Quebec,46.4833,-70.6167,1128,1124297826
Hensall,Ontario,43.4345,-81.5040,1126,1124762629
Carnduff,Saskatchewan,49.1670,-101.7830,1126,1124238691
Greenwich,New Brunswick,45.5112,-66.1229,1126,1124001377
Carling,Ontario,45.4333,-80.2167,1125,1124000522
Eckville,Alberta,52.3622,-114.3614,1125,1124000793
Nain,Newfoundland and Labrador,56.5422,-61.6928,1125,1124719084
Foam Lake,Saskatchewan,51.6500,-103.5333,1123,1124751136
Sayabec,Quebec,48.5667,-67.6833,1122,1124175872
Laird,Ontario,46.3833,-84.0667,1121,1124000662
Sainte-Sabine,Quebec,45.2333,-73.0167,1120,1124001836
Tara,Ontario,44.4793,-81.1445,1119,1124001864
Saint-Maxime-du-Mont-Louis,Quebec,49.2333,-65.7333,1118,1124000029
Blanc-Sablon,Quebec,51.4167,-57.1333,1118,1124785666
Cobalt,Ontario,47.4000,-79.6833,1118,1124248298
South River,Ontario,45.8417,-79.3750,1114,1124154548
Hudson Bay No. 394,Saskatchewan,53.0295,-102.3122,1114,1124001694
Waldheim,Saskatchewan,52.6500,-106.6167,1113,1124273730
McKellar,Ontario,45.4833,-79.8500,1111,1124000057
Buffalo Narrows,Saskatchewan,55.8769,-108.5244,1110,1124766743
Ayer’s Cliff,Quebec,45.1667,-72.0500,1109,1124916439
Les Méchins,Quebec,49.0000,-66.9833,1107,1124540316
Sainte-Marguerite,Quebec,46.5167,-70.9333,1107,1124041972
Saint-Claude,Quebec,45.6667,-71.9833,1106,1124525083
Air Ronge,Saskatchewan,55.0872,-105.3318,1106,1124001996
Chipman,New Brunswick,46.1710,-65.8840,1104,1124551016
Weyburn No. 67,Saskatchewan,49.6535,-103.8348,1103,1124000632
Alberta Beach,Alberta,53.6767,-114.3500,1103,1124000690
Sainte-Jeanne-d'Arc,Quebec,48.8575,-72.0939,1101,1124001392
Sainte-Félicité,Quebec,48.9000,-67.3333,1100,1124831574
Girardville,Quebec,49.0000,-72.5500,1100,1124315247
Saint-Bruno-de-Guigues,Quebec,47.4667,-79.4333,1100,1124052468
Grenfell,Saskatchewan,50.4167,-102.9167,1099,1124603747
South Algonquin,Ontario,45.4967,-78.0239,1096,1124001032
Upton,Quebec,45.6500,-72.6833,1092,1124955599
Saint-Narcisse-de-Beaurivage,Quebec,46.4833,-71.2333,1091,1124000086
Plaisance,Quebec,45.6167,-75.1167,1088,1124858477
Roxton-Sud,Quebec,45.5521,-72.5265,1086,1124174410
St. Louis No. 431,Saskatchewan,52.8277,-105.7873,1086,1124000136
Noonan,New Brunswick,45.9544,-66.4868,1086,1124001109
Duchess,Alberta,50.7333,-111.9000,1085,1124156956
Saint-Frédéric,Quebec,46.3000,-70.9667,1085,1124436339
Saint-Narcisse-de-Rimouski,Quebec,48.2800,-68.4300,1084,1124000363
Atholville,New Brunswick,47.9818511106651,-66.714689041714,1084,1124001302
Viking,Alberta,53.0953,-111.7769,1083,1124502081
Sioux Narrows-Nestor Falls,Ontario,49.4000,-94.0800,1082,1124000587
Repulse Bay,Nunavut,66.5628,-86.3186,1082,1124398936
Saint-Patrice-de-Beaurivage,Quebec,46.4167,-71.2333,1080,1124097931
Bentley,Alberta,52.4667,-114.0500,1078,1124340912
Durham,New Brunswick,47.7631,-66.0849,1076,1124000804
Sainte-Marthe,Quebec,45.4000,-74.3000,1075,1124191744
Notre-Dame-du-Nord,Quebec,47.6000,-79.4833,1075,1124408692
Beachburg,Ontario,45.7303,-76.8559,1074,1124185620
Pinehouse,Saskatchewan,55.5136,-106.5986,1074,1124001604
Saint-Aimé-des-Lacs,Quebec,47.6833,-70.3000,1073,1124001325
Wedgeport,Nova Scotia,43.7323,-65.9797,1071,1124599537
Lac-Drolet,Quebec,45.7200,-70.8500,1071,1124120357
Preeceville,Saskatchewan,51.9580,-102.6673,1070,1124064523
Maple Creek No. 111,Saskatchewan,49.8044,-109.6508,1068,1124000783
Harbour Main-Chapel's Cove-Lakeview,Newfoundland and Labrador,47.4337,-53.1458,1067,1124000035
Coleraine,Quebec,45.9649,-71.3734,1067,1124793029
Birch Hills,Saskatchewan,52.9833,-105.4333,1066,1124520497
Saint-Bonaventure,Quebec,45.9667,-72.6833,1066,1124324069
Saint-Wenceslas,Quebec,46.1667,-72.3333,1064,1124947290
Kerrobert,Saskatchewan,51.9200,-109.1272,1061,1124941446
Havelock,New Brunswick,45.9523,-65.3885,1061,1124740292
Eston,Saskatchewan,51.1500,-108.7500,1061,1124212993
Sainte-Geneviève-de-Batiscan,Quebec,46.5333,-72.3333,1060,1124685530
Saint-Justin,Quebec,46.2500,-73.0833,1060,1124449723
Saint-Norbert,Quebec,46.1667,-73.3167,1059,1124000928
Schreiber,Ontario,48.8167,-87.2667,1059,1124663303
Trochu,Alberta,51.8236,-113.2328,1058,1124642144
Botsford,New Brunswick,46.1145,-63.9804,1058,1124000452
Riviere-Ouelle,Quebec,47.4333,-70.0167,1058,1124401890
Stukely-Sud,Quebec,45.3167,-72.4167,1058,1124476796
Saint-Georges-de-Clarenceville,Quebec,45.0667,-73.2500,1056,1124963246
Plantagenet,Ontario,45.5321,-74.9956,1056,1124496473
Sainte-Thérèse-de-Gaspé,Quebec,48.4167,-64.4167,1055,1124000271
Sainte-Pétronille,Quebec,46.8500,-71.1333,1055,1124000628
Desbiens,Quebec,48.4167,-71.9500,1053,1124443927
Clyde River,Nunavut,70.4632,-68.4822,1053,1124801172
La Macaza,Quebec,46.3667,-74.7667,1053,1124760668
Souris,Prince Edward Island,46.3554,-62.2542,1053,1124838959
Kindersley No. 290,Saskatchewan,51.4894,-109.0979,1049,1124000416
Falher,Alberta,55.7372,-117.2014,1047,1124001263
Saint-Vallier,Quebec,46.8833,-70.8167,1046,1124440624
Melita,Manitoba,49.2681,-100.9958,1042,1124113199
Davidson,Saskatchewan,51.2667,-105.9667,1039,1124057902
Bristol,Quebec,45.5333,-76.4667,1036,1124215672
Mahone Bay,Nova Scotia,44.4489,-64.3819,1036,1124406380
Saint-Sylvestre,Quebec,46.3667,-71.2333,1035,1124754541
Taloyoak,Nunavut,69.5554,-93.4972,1029,1124099415
Onoway,Alberta,53.7011,-114.1981,1029,1124983122
Saint-Stanislas,Quebec,46.6167,-72.4000,1029,1124711165
Battle River No. 438,Saskatchewan,52.7343,-108.4452,1029,1124001521
Malpeque,Prince Edward Island,46.5000,-63.6667,1029,1124663926
Longue-Rive,Quebec,48.5500,-69.2500,1026,1124001270
Argyle,Manitoba,49.3697,-99.1506,1025,1124001193
Delisle,Saskatchewan,51.9254,-107.1333,1024,1124184784
Plaster Rock,New Brunswick,46.8833,-67.3833,1023,1124983558
Wilmot,New Brunswick,46.3463,-67.7099,1022,1124000939
Valemount,British Columbia,52.8284,-119.2659,1021,1124899599
Saint-Léonard-de-Portneuf,Quebec,46.8833,-71.9167,1019,1124001565
Longlaketon No. 219,Saskatchewan,50.9386,-104.6913,1016,1124000772
Papineau-Cameron,Ontario,46.3000,-78.7333,1016,1124000867
Assiginack,Ontario,45.7333,-81.8000,1013,1124000091
Brébeuf,Quebec,46.0667,-74.6667,1012,1124001084
Hudson Hope,British Columbia,56.0316,-121.9057,1012,1124260692
Baie-du-Febvre,Quebec,46.1300,-72.7200,1010,1124218916
Durham-Sud,Quebec,45.6667,-72.3333,1008,1124105436
Melbourne,Quebec,45.5800,-72.1700,1004,1124850489
Nipawin No. 487,Saskatchewan,53.2881,-104.0544,1004,1124001339
Duck Lake No. 463,Saskatchewan,52.9596,-106.2089,1004,1124001661
Oyen,Alberta,51.3522,-110.4739,1001,1124000494
Gravelbourg,Saskatchewan,49.8740,-106.5550,986,1124409900
Lajord No. 128,Saskatchewan,50.1965,-104.2507,985,1124000590
Hébertville,Quebec,48.3908095949458,-71.6819728261466,981,1124293093
Lorrainville,Quebec,47.3542299036518,-79.3520914698444,977,1124001976
Prince,Ontario,46.5333,-84.5000,975,1124000733
Athens,Ontario,44.6250,-75.9500,974,1124291343
Saint-René-de-Matane,Quebec,48.7000,-67.3833,961,1124000167
Eastman,Quebec,45.2968981712764,-72.3055222480217,961,1124001358
Kugluktuk,Nunavut,67.823848117453,-115.099088952782,956,1124349489
Kedgwick,New Brunswick,47.6456,-67.3431,953,1124759374
Wemotaci,Quebec,47.9024818814051,-73.7817090155559,950,1124001294
Cookshire,Quebec,45.4121611599823,-71.6161136717221,950,1124895156
Dorchester,New Brunswick,45.9016,-64.5161,906,1124001021
Fortune,Newfoundland and Labrador,47.0722112118505,-55.8243165856721,894,1124546267
Hamiota,Manitoba,50.1964,-100.6342,856,1124139264
Gillam,Manitoba,56.3489179571208,-94.7111288476739,836,1124560722
Grand View,Manitoba,51.1550,-100.7892,808,1124791401
Dildo,Newfoundland and Labrador,47.5685,-53.5471,803,1124396361
Laurierville,Quebec,46.3000,-71.6500,701,1124864029
Ripon,Quebec,45.7833,-75.1000,684,1124368199
Henryville,Quebec,45.1333,-73.1833,655,1124175333
Gracefield,Quebec,46.0926321848593,-76.0513883182302,620,1124000820
Chatsworth,Ontario,44.3800,-80.8700,560,1124525225
McCreary,Manitoba,50.7494,-99.4850,497,1124852381
Yamaska-Est,Quebec,46.0000,-72.9200,490,1124187626
Rossburn,Manitoba,50.7272,-100.7408,489,1124628261
Rothesay,New Brunswick,45.3995696420244,-65.8776221957435,342,1124211328
Ethelbert,Manitoba,51.5364,-100.4981,314,1124793190
Frelighsburg,Quebec,45.0547772061142,-72.8416732377738,285,1124000101
Magnetawan,Ontario,45.6667,-79.6333,268,1124537839
