Year,Province,Total,Singles,Semis,Row,Apartment_and_Other
2013,Alberta,15926.0,11931.0,2620.0,2637.0,2354.0
2013,British Columbia,16350.0,9632.0,2014.0,2635.0,7775.0
2013,Manitoba,2599.0,1496.0,792.0,894.0,496.0
2013,New Brunswick,3629.0,2883.0,1002.0,369.0,2028.0
2013,Newfoundland and Labrador,2679.0,1899.0,90.0,150.0,1788.0
2013,Nova Scotia,1900.0,3246.0,924.0,645.0,84.0
2013,Ontario,29762.0,21470.0,4467.0,11594.0,10250.0
2013,Prince Edward Island,1524.0,552.0,234.0,171.0,567.0
2013,Quebec,27943.0,13890.0,5824.0,2822.0,15526.0
2013,Saskatchewan,3058.0,2645.0,1602.0,2229.0,4182.0
2015,Alberta,17069.0,10665.0,1922.0,2292.0,3593.0
2015,British Columbia,16480.0,11148.0,2656.0,3865.0,6481.0
2015,Manitoba,1920.0,1075.0,729.0,1446.0,510.0
2015,New Brunswick,2486.0,1953.0,504.0,285.0,987.0
2015,Newfoundland and Labrador,1755.0,2062.0,63.0,279.0,1164.0
2015,Nova Scotia,1846.0,2114.0,606.0,540.0,262.0
2015,Ontario,24940.0,23092.0,3074.0,10025.0,10195.0
2015,Prince Edward Island,648.0,381.0,90.0,18.0,159.0
2015,Quebec,21347.0,10803.0,4728.0,2664.0,16066.0
2015,Saskatchewan,2334.0,3404.0,1188.0,2283.0,2338.0
2016,Alberta,12596.0,7356.0,2142.0,2058.0,3296.0
2016,British Columbia,17702.0,11927.0,2148.0,4361.0,10132.0
2016,Manitoba,1704.0,778.0,1056.0,1332.0,494.0
2016,New Brunswick,2898.0,2190.0,558.0,390.0,2712.0
2016,Newfoundland and Labrador,1473.0,2784.0,171.0,78.0,807.0
2016,Nova Scotia,1710.0,2052.0,660.0,477.0,284.0
2016,Ontario,31118.0,25829.0,3246.0,11155.0,9450.0
2016,Prince Edward Island,1356.0,465.0,144.0,213.0,534.0
2016,Quebec,25230.0,10236.0,4416.0,1954.0,15975.0
2016,Saskatchewan,1776.0,2802.0,756.0,1866.0,2126.0
2017,Alberta,10954.0,7788.0,2350.0,2990.0,1585.0
2017,British Columbia,19578.0,13195.0,2062.0,3889.0,10129.0
2017,Manitoba,1946.0,1254.0,960.0,1293.0,314.0
2017,New Brunswick,2306.0,1971.0,501.0,345.0,642.0
2017,Newfoundland and Labrador,2976.0,2115.0,354.0,231.0,276.0
2017,Nova Scotia,1324.0,2190.0,726.0,498.0,92.0
2017,Ontario,34703.0,30427.0,4012.0,13822.0,13558.0
2017,Prince Edward Island,1473.0,705.0,144.0,225.0,399.0
2017,Quebec,24493.0,9627.0,4828.0,2436.0,18956.0
2017,Saskatchewan,1552.0,2818.0,978.0,1860.0,2440.0
2019,Alberta,11208.0,5842.0,2066.0,1783.0,2487.0
2019,British Columbia,19012.0,11066.0,2982.0,5719.0,13490.0
2019,Manitoba,2553.0,1129.0,1158.0,1791.0,811.0
2019,New Brunswick,3228.0,2037.0,582.0,534.0,1689.0
2019,Newfoundland and Labrador,2073.0,1371.0,192.0,312.0,198.0
2019,Nova Scotia,1936.0,2716.0,798.0,585.0,286.0
2019,Ontario,35952.0,25774.0,4248.0,12922.0,12052.0
2019,Prince Edward Island,1599.0,792.0,240.0,270.0,297.0
2019,Quebec,25940.0,9496.0,5084.0,1988.0,16553.0
2019,Saskatchewan,2407.0,2967.0,516.0,684.0,2570.0
2020,Alberta,9051.0,5041.0,1932.0,1015.0,1893.0
2020,British Columbia,22282.0,9308.0,2256.0,5454.0,16242.0
2020,Manitoba,2177.0,1050.0,954.0,1815.0,497.0
2020,New Brunswick,3361.0,2124.0,624.0,540.0,2224.0
2020,Newfoundland and Labrador,1707.0,1260.0,150.0,120.0,177.0
2020,Nova Scotia,1932.0,2974.0,786.0,639.0,284.0
2020,Ontario,37888.0,25246.0,4194.0,15467.0,13991.0
2020,Prince Edward Island,2200.0,933.0,420.0,483.0,1464.0
2020,Quebec,27914.0,10177.0,5604.0,2107.0,17481.0
2020,Saskatchewan,1656.0,2032.0,330.0,843.0,2388.0
2021,Alberta,9956.0,5839.0,2838.0,1115.0,1876.0
2021,British Columbia,21636.0,11954.0,2396.0,4367.0,14337.0
2021,Manitoba,3317.0,1377.0,930.0,2064.0,1111.0
2021,New Brunswick,2980.0,2592.0,750.0,390.0,2289.0
2021,Newfoundland and Labrador,1788.0,1374.0,168.0,156.0,90.0
2021,Nova Scotia,2432.0,3510.0,1095.0,567.0,298.0
2021,Ontario,39017.0,28671.0,4758.0,16381.0,13360.0
2021,Prince Edward Island,2268.0,1137.0,474.0,354.0,1437.0
2021,Quebec,31312.0,12238.0,6540.0,2232.0,17690.0
2021,Saskatchewan,2288.0,2748.0,522.0,1266.0,2444.0
2022,Alberta,10611.0,6876.0,3614.0,1387.0,1308.0
2022,British Columbia,23226.0,11259.0,2244.0,5754.0,14129.0
2022,Manitoba,2387.0,1317.0,1284.0,1254.0,409.0
2022,New Brunswick,4616.0,2994.0,852.0,1245.0,3142.0
2022,Newfoundland and Labrador,2052.0,1683.0,162.0,183.0,24.0
2022,Nova Scotia,2686.0,3354.0,738.0,702.0,472.0
2022,Ontario,32611.0,28260.0,4770.0,14310.0,15177.0
2022,Prince Edward Island,2883.0,906.0,534.0,480.0,963.0
2022,Quebec,28164.0,12134.0,5460.0,1904.0,16321.0
2022,Saskatchewan,2060.0,2646.0,498.0,1566.0,2132.0
2023,Alberta,6728.0,3678.0,2448.0,1275.0,1005.0
2023,British Columbia,10276.0,7919.0,2528.0,4261.0,8554.0
2023,Manitoba,1169.0,735.0,1182.0,1362.0,94.0
2023,New Brunswick,4113.0,2526.0,480.0,981.0,2718.0
2023,Newfoundland and Labrador,1914.0,1587.0,144.0,72.0,111.0
2023,Northwest Territories,45.0,27.0,6.0,0.0,12.0
2023,Nova Scotia,177.0,2112.0,306.0,705.0,0.0
2023,Ontario,20102.0,19825.0,3328.0,15119.0,11222.0
2023,Prince Edward Island,1788.0,627.0,324.0,381.0,456.0
2023,Quebec,13831.0,5557.0,2784.0,2124.0,12744.0
2023,Saskatchewan,1987.0,2098.0,438.0,1131.0,835.0
2023,Yukon,1344.0,237.0,18.0,426.0,663.0
